Indonesian Word,negative,positive
Abu,1.0,0.0
Agak,1.0,0.0
Agustus,0.0,1.0
Amin,0.0,1.0
BENAR,0.0,1.0
Bagikan,0.0,1.0
Bangsawan tinggi,0.0,1.0
Berbuat curang,1.0,0.0
Bir,0.0,1.0
Birch,1.0,0.0
Brendi,1.0,0.0
Burung puyuh,1.0,0.0
Campuran,0.0,0.5
Cantik,0.0,1.0
Countess,0.0,1.0
Cuka Apel,0.0,1.0
Dewan,0.0,1.0
Direktur,0.0,1.0
Fajar,0.0,1.0
Gila,1.0,0.0
Gula,0.0,1.0
Himpunan,0.0,1.0
Hore,0.0,1.0
Ikuti,0.0,1.0
Injil,0.0,1.0
Iya,0.0,1.0
Kalkulator,0.0,1.0
Kapten,0.0,1.0
Katedral,0.0,1.0
Kecantikan,0.0,1.0
Kecelakaan kapal,1.0,0.0
Kejam,1.0,0.0
Kemuliaan,0.0,1.0
Kepala Sekolah,0.0,1.0
Komunis,1.0,0.0
Konvensi,0.0,1.0
Mandarin,0.0,1.0
Memesan,0.0,1.0
Monumen,0.0,1.0
Negro,1.0,0.0
Nikmati,0.0,1.0
POLISI,0.0,1.0
Palsu,1.0,0.0
Parade,1.0,1.0
Pasifik,0.0,1.0
Pasokan,0.0,1.0
Pembenahan,0.0,1.0
Penghargaan,0.0,1.0
Penyihir,0.0,1.0
Perdana,0.0,1.0
Perlengkapan tulis,1.0,0.0
Perpustakaan,0.0,1.0
Pilih,0.5,0.5
Polandia,0.0,1.0
Praktik,0.0,1.0
Presiden,0.0,1.0
Renaisans,0.0,1.0
Roh,0.0,1.0
Sage,0.0,1.0
Saya akan,1.0,0.0
Scotch,1.0,0.0
Sebagai pengganti,0.0,1.0
Sepakat,0.0,1.0
Sial,1.0,0.0
Sup,0.0,1.0
Tuan,1.0,1.0
Tuhan,0.0,1.0
Tukang onar,1.0,0.0
Universitas,0.0,1.0
Yobel,0.0,1.0
abadi,0.0,0.3333333333333333
abba,0.0,1.0
abnormal,1.0,0.0
abortus,1.0,0.0
abrasi,1.0,0.0
absen,1.0,0.0
abses,1.0,0.0
absolusi,0.0,1.0
absurd,1.0,0.0
abu,0.5,0.0
acar,1.0,0.0
accueil,0.0,1.0
adanya,0.0,1.0
adil,0.0,0.6666666666666666
adonan,0.5,0.0
afirmasi,0.0,1.0
agak mabuk,1.0,0.0
agitasi,1.0,0.0
agresi,1.0,0.0
agresif,1.0,0.0
agresor,1.0,0.0
agung,0.0,0.5
ahli,0.0,1.0
ahli astronomi,0.0,1.0
ahli bahasa,0.0,1.0
ahli kimia,0.0,1.0
ahli nujum,0.0,1.0
aib,1.0,0.0
air kotor,1.0,0.0
air raksa,1.0,0.0
ajaib,0.0,1.0
akademi,0.0,1.0
akademik,0.0,1.0
akal,0.0,1.0
akan datang,0.0,1.0
akhirnya,0.0,0.6666666666666666
akibat,0.5,0.0
akomodasi,0.0,1.0
akrab,0.0,1.0
akrobat,0.0,1.0
aktiva,0.0,1.0
akuntabel,0.0,1.0
akusatif,1.0,0.0
alamat,0.0,0.5
alarm,1.0,0.0
alasan,0.0,0.25
alegro,0.0,1.0
algojo,1.0,0.0
alimentasi,1.0,0.0
alkitabiah,0.0,1.0
alkoholisme,1.0,0.0
almarhum,1.0,0.0
aloha,0.0,1.0
amal,0.0,1.0
aman,0.0,1.0
amarah,1.0,0.0
amat,0.0,1.0
ambang,0.3333333333333333,0.0
ambigu,1.0,0.0
ambisi,0.0,1.0
amfetamin,1.0,0.0
amnesia,1.0,0.0
amnesti,0.0,1.0
amoralitas,1.0,0.0
anak,0.0,0.3333333333333333
anak anjing,0.0,0.5
anak bodoh,1.0,0.0
anak kucing,0.0,1.0
anak muda,0.0,1.0
anak perempuan,0.0,1.0
anak sapi,0.0,1.0
anak sungai,0.0,0.3333333333333333
anak yatim,1.0,0.0
anakonda,1.0,0.0
anal,1.0,0.0
analis,0.0,1.0
anarki,1.0,0.0
anarkis,1.0,0.0
anarkisme,1.0,0.0
ancaman,1.0,0.0
andalan,0.0,1.0
aneh,0.5714285714285714,0.14285714285714285
anggun,0.0,1.0
angin puyuh,1.0,0.0
angina,1.0,0.0
angka,0.0,0.25
angkuh,1.0,0.0
animasi,0.0,0.5
anomali,1.0,0.0
anonim,1.0,0.0
ansambel,0.0,1.0
antagonis,1.0,0.0
antagonisme,1.0,0.0
antar,1.0,0.0
anti peluru,0.0,1.0
antibiotik,0.0,1.0
antijamur,0.0,1.0
antik,0.0,1.0
antikristus,1.0,0.0
antipati,1.0,0.0
antiseptik,0.0,1.0
antisosial,1.0,0.0
antitesis,1.0,0.0
antraks,1.0,0.0
antusiasme,0.0,1.0
anugerah,0.0,1.0
anumerta,1.0,0.0
apache,1.0,0.0
apak,1.0,0.0
apati,1.0,0.0
apatis,1.0,0.0
api,0.3333333333333333,0.0
api penyucian,1.0,0.0
apresiasi,0.0,1.0
argumen,0.5,0.0
argumentatif,1.0,0.0
aristokrasi,0.0,1.0
arkeologi,0.0,0.5
armada,0.0,0.5
arogan,1.0,0.0
aroma,0.0,0.5
arsenik,1.0,0.0
artikulasi,0.0,0.5
artileri,1.0,0.0
artis,0.0,0.3333333333333333
artistik,0.0,1.0
asam,1.0,0.0
asap,1.0,0.0
asing,0.3333333333333333,0.0
aspirasi,0.0,1.0
astronaut,0.0,1.0
asusila,1.0,0.0
atas,0.0,0.3333333333333333
ateisme,1.0,0.0
aterosklerosis,1.0,0.0
atlet,0.0,0.5
atletis,0.0,0.5
atom,0.0,0.5
atrophia,1.0,0.0
aura,0.0,1.0
autentik,0.0,1.0
autopsi,1.0,0.0
avatar,0.0,1.0
awas,1.0,0.0
ay,0.0,1.0
babak belur,1.0,0.0
babi,1.0,0.0
babon,1.0,0.0
badai,0.8333333333333334,0.0
badut,0.0,1.0
bagal,1.0,0.0
bagus,0.0,1.0
bagus sekali,0.0,1.0
bahagia,0.0,1.0
bahaya,1.0,0.0
bahenol,0.0,1.0
bahkan,1.0,0.0
bahu,0.0,1.0
baik,0.0,1.0
bajak laut,1.0,0.0
bajingan,1.0,0.0
baju zirah,0.0,1.0
bakat,0.0,1.0
bakteri,1.0,0.0
bal,0.5,0.0
bala bantuan,0.0,0.5
balas,1.0,0.0
balet,0.0,1.0
balok,0.0,1.0
balsem,0.5,1.0
banci,1.0,0.0
bandel,0.5,0.0
bandit,1.0,0.0
bang,1.0,0.0
banger,1.0,0.0
bangga,0.0,1.0
bangkai,1.0,0.0
bangkrut,1.0,0.0
bangku,0.3333333333333333,0.0
bangsawan,0.0,1.0
bangunan,0.0,0.5
banshee,1.0,0.0
bantal,0.0,1.0
bantalan,0.0,0.5
bantuan,0.0,0.5
banyak,0.0,0.2
baptisan,0.0,1.0
barang,0.3333333333333333,0.3333333333333333
barang selundupan,1.0,0.0
barbar,1.0,0.0
barbarisme,1.0,0.0
barikade,1.0,0.0
baris,1.0,0.0
basah,0.3333333333333333,0.0
basi,0.5,0.0
batak,1.0,0.0
batas,0.3333333333333333,0.0
baterai,1.0,0.0
batu,0.3333333333333333,0.3333333333333333
batu delima,0.0,1.0
batu sandungan,1.0,0.0
batu tulis,0.0,1.0
batuan dasar,0.0,1.0
batuk,1.0,0.0
bau,0.6666666666666666,0.0
bawaan,0.2,0.0
bawah,1.0,0.0
bawahan,0.5,0.0
bayi,0.0,1.0
bayonet,1.0,0.0
beasiswa,0.0,0.5
beban,0.3333333333333333,0.0
bebas,0.0,0.5
begitu banyak,0.0,1.0
begitu saja,1.0,0.0
bejat,1.0,0.0
bekam,1.0,0.0
bekas,0.5,0.0
bekas luka,1.0,0.0
bekerja,0.0,0.3333333333333333
bekerja keras,0.5,0.0
bekerja sama,0.0,0.6666666666666666
belahan jiwa,1.0,0.0
belajar,0.0,1.0
belakang,0.3333333333333333,0.0
belalang,0.5,0.0
belanja,0.0,1.0
belas kasihan,0.0,1.0
belasungkawa,0.0,1.0
belati,0.5,0.0
belatung,1.0,0.0
belenggu,1.0,0.0
belerang,1.0,0.0
belitan,1.0,0.0
beludru,0.0,1.0
belum dewasa,1.0,0.0
belum dibayar,1.0,0.0
belum dicuci,1.0,0.0
belum lahir,1.0,0.0
belum selesai,1.0,0.0
belum tahu,1.0,0.0
benar,0.0,1.0
bencana,0.8,0.0
benci,1.0,0.0
bendera,0.0,1.0
bengkak,1.0,0.0
benteng,0.16666666666666666,0.16666666666666666
benteng pertahanan,0.0,1.0
bentrok,1.0,0.0
bentrokan,1.0,0.0
bepergian,0.0,0.5
beracun,1.0,0.0
beradab,0.0,1.0
berafiliasi,0.0,1.0
beragam,0.3333333333333333,0.6666666666666666
berair,0.5,0.0
berakar,0.0,1.0
berakhir,0.5,0.0
berani,0.0,0.6666666666666666
berantakan,1.0,0.0
berat,0.375,0.125
berawa,1.0,0.0
berbahaya,1.0,0.0
berbakat,0.0,0.6666666666666666
berbaring,0.0,0.5
berbaris,0.0,1.0
berbau,0.5,0.0
berbeda,0.14285714285714285,0.0
berbicara,0.3333333333333333,0.0
berbisa,1.0,0.0
berbohong,1.0,0.0
berbuat dosa,1.0,0.0
berbuat salah,1.0,0.0
berbudi luhur,0.0,1.0
berbulu,0.3333333333333333,0.0
berbulu halus,0.0,1.0
berbunga-bunga,0.0,1.0
bercanda,0.0,0.5
berceloteh,0.0,1.0
bercinta,0.0,0.5
bercita-cita,0.0,1.0
berdarah,1.0,0.0
berdarah murni,0.0,1.0
berdebar,1.0,0.0
berdengung,0.5,0.5
berdenyut,1.0,0.0
berderit,1.0,0.0
berdoa,0.0,1.0
berduka,1.0,0.0
berduri,0.4,0.0
berebut,0.5,0.0
berenang,0.0,1.0
bergabung,0.0,0.5
bergairah,0.0,1.0
bergantung,0.3333333333333333,0.3333333333333333
bergaya modern,0.0,1.0
bergejolak,1.0,0.0
bergelut,0.0,1.0
bergembira sekali,0.0,1.0
bergerak,0.0,0.25
bergizi,0.0,0.5
bergolak,1.0,0.0
bergumam,1.0,0.0
berguna,0.0,0.3333333333333333
berhantu,1.0,0.0
berharga,0.0,1.0
berhasil,0.0,1.0
berhasrat,0.0,1.0
berhenti,0.5714285714285714,0.0
berhias,0.0,1.0
berhuruf,0.0,1.0
berimprovisasi,0.0,1.0
berinovasi,0.0,1.0
berirama,0.0,1.0
berisik,1.0,0.0
berisiko,1.0,0.0
berita kematian,1.0,0.0
berjaya,0.0,1.0
berjongkok,0.3333333333333333,0.0
berjuang,0.6666666666666666,0.0
berjudi,1.0,0.0
berjumbai,1.0,0.0
berkah,0.0,1.0
berkampanye,1.0,0.0
berkarat,1.0,0.0
berkecil hati,1.0,0.0
berkedut,1.0,0.0
berkelahi,1.0,0.0
"berkeliaran, menyimpang",1.0,0.0
berkelok-kelok,0.5,0.0
berkembang,0.0,0.5
berkenaan dengan perang,1.0,0.0
berkeropeng,1.0,0.0
berkhayal,1.0,0.0
berkilau,0.0,0.3333333333333333
berkilauan,0.0,1.0
berkomitmen,0.5,0.5
berkubang,1.0,0.0
berkurang,1.0,0.0
berlabuh,1.0,0.0
berlangganan,0.3333333333333333,0.0
berlangsung mudah,0.0,1.0
berlapis,1.0,0.0
berlawanan,0.3333333333333333,0.0
berlebihan,0.4,0.0
berlemak,1.0,0.0
berlendir,1.0,0.0
berlian,0.0,0.5
berlimpah,0.0,0.5
berlumpur,1.0,0.0
bermanfaat,0.0,0.7142857142857143
bermartabat,0.0,1.0
bermentega,0.0,1.0
bermuka dua,1.0,0.0
bermuka masam,1.0,0.0
bermusuhan,1.0,0.0
bernilai,0.0,1.0
berotot,0.0,1.0
berpelukan,0.0,1.0
berpendar,0.0,0.5
berpendidikan,0.0,1.0
berpengalaman,0.0,1.0
berpengaruh,0.0,1.0
berperang,1.0,0.0
berprasangka,1.0,0.0
berpura-pura,1.0,0.0
berputus asa,1.0,0.0
bersahaja,0.0,0.5
bersakit,1.0,0.0
bersalah,1.0,0.0
bersangkutan,0.0,1.0
bersarang,0.0,0.5
bersedih,1.0,0.0
bersekongkol,1.0,0.0
bersekutu,0.0,1.0
bersemangat,0.0,0.6666666666666666
bersenang-senang,0.0,0.6666666666666666
bersenda gurau,0.0,1.0
bersenjata,1.0,1.0
berseri,0.0,1.0
berseri-seri,0.0,1.0
bersifat membatasi,1.0,0.0
bersifat mendidik,0.0,1.0
bersih,0.0,0.5
bersin,0.5,0.0
bersinar,0.0,0.6666666666666666
bersisik,1.0,0.0
bersorak,0.0,1.0
bersuka cita,0.0,1.0
bersuka ria,0.0,1.0
bersumpah,0.0,1.0
bersyukur,0.0,1.0
bertahan,0.0,0.3333333333333333
bertahan hidup,0.0,0.3333333333333333
bertakhyul,1.0,0.0
bertanggung jawab,0.0,1.0
bertarung,1.0,0.0
bertekad,0.0,1.0
bertele-tele,0.3333333333333333,0.0
berteman,0.0,1.0
bertengkar,1.0,0.0
bertentangan,1.0,0.0
berteriak,0.5,0.0
berterima kasih,0.0,1.0
berterimakasih,1.0,0.0
bertunangan,0.0,1.0
berubah warna,1.0,0.0
berubah-ubah,0.3333333333333333,0.0
berukuran kecil,1.0,0.0
berulang,0.3333333333333333,0.0
beruntung,0.0,1.0
berusaha keras,0.0,1.0
berwibawa,0.0,1.0
besar,0.0,0.5
besi,0.5,0.5
biadab,1.0,0.0
biara,0.25,0.25
biarawan,0.0,0.3333333333333333
biarawati,1.0,0.0
bias,1.0,0.0
biasa,0.0,0.16666666666666666
biasa-biasa saja,1.0,0.0
biaya,0.3333333333333333,0.0
biaya tambahan,1.0,0.0
bicara,0.0,1.0
bidaah,1.0,0.0
bidak,1.0,0.0
bidan,1.0,1.0
bijak,0.0,1.0
bijaksana,0.0,1.0
bikinan,1.0,0.0
bimbang,1.0,0.0
binar,0.0,1.0
binasa,1.0,0.0
binatang buas,1.0,0.0
bingung,0.75,0.0
bintang,0.0,0.6666666666666666
bintik,1.0,0.0
biopsi,1.0,0.0
birokrasi,1.0,0.0
birokrat,1.0,0.0
biru,0.5,0.0
bisa dipertahankan,0.0,1.0
bisa salah,1.0,0.0
bisa ular,1.0,0.0
blokade,1.0,0.0
bobot,1.0,1.0
bobrok,1.0,0.0
bocor,1.0,0.0
bocoran,1.0,0.0
bodoh,1.0,0.0
bohong,1.0,0.0
bola api,0.0,1.0
bola basket,0.0,1.0
bom,1.0,0.0
bonne,0.0,1.0
bonus,0.0,1.0
bordil,1.0,0.0
boros,0.6666666666666666,0.6666666666666666
brigade,1.0,0.0
brokat,0.0,1.0
brutal,1.0,0.0
bruto,1.0,0.0
buaian,0.0,1.0
buas,1.0,0.0
budak,0.5,0.0
budaya,0.0,1.0
buih,1.0,0.0
bujukan,0.3333333333333333,0.0
bukan kepalang,1.0,0.0
buket,0.0,1.0
buku harian,0.0,1.0
buku panduan,0.0,1.0
bulan madu,0.0,1.0
bulat,0.16666666666666666,0.0
buldog,0.0,1.0
bulu,0.3333333333333333,0.0
bulu babi,1.0,0.0
bulu domba,1.0,0.0
bulu mata,1.0,0.0
bunga,0.0,1.0
bunga pala,1.0,0.0
bungkam,1.0,0.0
bunuh diri,1.0,0.0
bupati,0.0,1.0
buram,0.5,0.0
buritan,0.5,0.0
buronan,1.0,0.0
buruk,1.0,0.0
buruk sekali,1.0,0.0
burung bangkai,1.0,0.0
burung beo,1.0,0.0
burung raptor,1.0,0.0
busuk,1.0,0.0
buta,1.0,0.0
buta huruf,1.0,0.0
butir,0.5,0.0
cabang,0.0,0.3333333333333333
cabul,1.0,0.0
cacat,1.0,0.0
cacian,1.0,0.0
cacing,1.0,0.0
cad,1.0,0.0
cahaya,0.0,1.0
cahaya bintang,0.0,1.0
cahaya matahari,0.0,1.0
cahaya redup,0.0,1.0
cakar,0.6666666666666666,0.0
cakrawala,0.0,0.5
calon,0.0,0.5
camar,1.0,0.0
cambuk,1.0,0.0
campak,1.0,0.0
campur aduk,1.0,0.0
candaan,1.0,0.0
candu,1.0,0.0
canggih,0.0,1.0
cangkir,0.5,0.5
cantik,0.0,0.5
cedera,1.0,0.0
cekikikan,0.0,1.0
cekung,0.5,0.0
celah,0.2,0.0
cemas,1.0,0.0
cemberut,1.0,0.0
cemburu,1.0,0.0
cemerlang,0.0,1.0
cemooh,1.0,0.0
cenderung,0.0,0.3333333333333333
cepat,0.0,0.375
cerah,0.0,1.0
cercaan,1.0,0.0
cerdas,0.0,0.6666666666666666
cerdik,0.0,0.6666666666666666
cerewet,1.0,0.0
ceri,0.0,1.0
ceria,0.0,1.0
ceroboh,1.0,0.0
cess,1.0,0.0
cinta,0.0,1.0
ciuman,0.0,1.0
cocok,0.25,0.25
cokelat,0.0,0.5
coklat kekuningan,1.0,0.0
contoh,0.25,0.0
crescendo,0.0,1.0
cucu,0.0,1.0
cukup,0.0,0.25
curang,1.0,0.0
curiga,0.5,0.0
dada,0.25,0.0
daemon,1.0,0.0
daerah kantong,1.0,0.0
daerah kumuh,1.0,0.0
daftar periksa,0.0,1.0
dahak,1.0,0.0
dakwaan,0.6666666666666666,0.0
dalam hal,1.0,0.0
dalil,0.0,0.5
dangkal,1.0,0.0
dapat diakses,0.0,1.0
dapat diandalkan,0.0,1.0
dapat dibuktikan,0.0,1.0
dapat dicapai,0.0,1.0
dapat dikreditkan,0.0,1.0
dapat dinavigasi,0.0,1.0
dapat dipasarkan,0.0,1.0
dapat disembuhkan,0.0,1.0
dapat diterima,0.0,1.0
dapat ditindaklanjuti,1.0,0.0
dara,1.0,0.0
daratan rendah,1.0,0.0
darurat,1.0,0.0
dasar,0.0,0.5
daya hidup,0.0,1.0
daya konduksi,0.0,1.0
daya tahan,0.0,1.0
daya tarik,0.0,0.8
debu,1.0,0.0
dedikasi,0.0,1.0
definitif,0.0,1.0
defisit,1.0,0.0
deflasi,1.0,0.0
degradasi,1.0,0.0
deklinasi,1.0,0.0
dekrit,0.5,0.0
demam,0.5,0.0
demensia,1.0,0.0
demokrasi,0.0,1.0
demonstratif,0.0,1.0
dendam,1.0,0.0
dengan buruk,1.0,0.0
dengan dingin,1.0,0.0
dengan disabilitas,1.0,0.0
dengan enggan,0.5,0.0
dengan hati-hati,0.0,0.5
dengan kejam,1.0,0.0
dengan kekerasan,1.0,0.0
dengan ketakutan,1.0,0.0
dengan kuat,0.0,1.0
dengan lalai,1.0,0.0
dengan lemah,1.0,0.0
dengan menyedihkan,1.0,0.0
dengan murah hati,0.0,1.0
dengan pahit,1.0,0.0
dengan rendah hati,0.0,1.0
dengan santai,0.0,1.0
dengan sedih,1.0,0.0
dengan senang hati,0.0,1.0
dengan sia-sia,1.0,0.0
dengan tegas,0.0,0.75
dengung,0.5,0.5
depan,0.0,0.25
deportasi,1.0,0.0
depresi,1.0,0.0
depresiasi,1.0,0.0
depresif,1.0,0.0
derajat,0.0,1.0
dering,0.5,0.0
derita,1.0,0.0
dermawan,0.0,0.75
desersi,1.0,0.0
desinfeksi,0.0,1.0
desis,1.0,0.0
deskriptif,0.0,1.0
despotisme,1.0,0.0
destruktif,1.0,0.0
detasemen,1.0,0.0
deteksi,0.0,1.0
devolusi,1.0,0.0
di depan,0.0,0.3333333333333333
di luar hukum,1.0,0.0
diabaikan,0.5,0.0
diagnosa,1.0,0.0
diam,0.0,0.5
diampuni,0.0,1.0
dibakar,1.0,0.0
dibatasi,1.0,0.0
dibayar lebih,1.0,0.0
dibenarkan,0.0,1.0
diberikan,0.0,1.0
diberkahi,0.0,1.0
diberkati,0.0,1.0
dibom,1.0,0.0
dibuang,0.5,0.0
dibudidayakan,0.0,1.0
dicatat,0.0,1.0
dicuri,1.0,0.0
didiskualifikasi,1.0,0.0
didukung,0.0,1.0
diet,0.0,0.5
digagalkan,1.0,0.0
digelapkan,1.0,0.0
dihabiskan,1.0,0.0
dihukum,1.0,0.0
diinginkan,0.0,1.0
dikalahkan,1.0,0.0
dikenakan,1.0,0.0
dikenakan biaya,1.0,0.0
dikenali,0.0,0.5
dikonfirmasi,0.0,1.0
dikontrak,1.0,0.0
dikreditkan,0.0,1.0
diktator,1.0,0.0
diktatoris,1.0,0.0
dikutuk,1.0,0.0
dilarang,1.0,0.0
dilegalkan,0.0,1.0
dilemahkan,1.0,0.0
dilenyapkan,1.0,0.0
dilucuti,1.0,0.0
dimanifestasikan,0.0,1.0
dimulainya kembali,0.0,1.0
dimutilasi,1.0,0.0
dingin,0.42857142857142855,0.14285714285714285
dipakai,1.0,0.0
dipaksa,1.0,0.0
dipalsukan,0.5,0.0
dipenjara,1.0,0.0
diperbolehkan,0.0,1.0
diperbudak,1.0,0.0
diperdebatkan,0.5,0.0
diperingatkan sebelumnya,1.0,0.0
diperoleh,0.0,1.0
diperparah,1.0,0.0
dipertanyakan,1.0,0.0
diplomasi,0.0,1.0
diplomatik,0.0,1.0
dipoles,0.0,1.0
dipopulerkan,0.0,1.0
dipraktekkan,0.0,1.0
dipuji,0.0,1.0
dirajam,1.0,0.0
diramalkan,0.0,1.0
direbut,1.0,0.0
diremajakan,0.0,1.0
direncanakan,1.0,0.0
dirusak,1.0,0.0
disabilitas,1.0,0.0
disebutkan di atas,0.0,1.0
disengaja,0.25,0.5
disentri,1.0,0.0
disesalkan,1.0,0.0
disimpan,0.5,0.0
disinformasi,1.0,0.0
disiplin,1.0,0.0
diskresi,0.0,1.0
diskriminasi,1.0,0.0
diskriminatif,1.0,0.0
diskualifikasi,1.0,0.0
diskusi,0.0,1.0
disonansi,1.0,0.0
distilasi,0.0,1.0
distorsi,1.0,0.0
disusutkan,1.0,0.0
ditahbiskan,0.0,1.0
ditandai,0.0,1.0
ditangkap basah,1.0,0.0
ditelantarkan,1.0,0.0
ditemukan,0.0,1.0
diterima,0.0,0.5
ditinggalkan,1.0,0.0
ditingkatkan,0.0,0.5
ditipu,1.0,0.0
ditiru,1.0,0.0
ditolak,1.0,0.0
dituduh,1.0,0.0
ditumbuhi,1.0,0.0
diukur,0.0,1.0
diverifikasi,0.0,1.0
divestasi,1.0,0.0
diwakili,0.0,1.0
dogmatis,0.5,0.0
dokter,0.0,1.0
domba,0.0,0.5
dominan,1.0,0.0
dominasi,0.5,0.0
dorongan,0.14285714285714285,0.14285714285714285
dosa,1.0,0.0
douche,1.0,0.0
doyan,1.0,0.0
drainase,1.0,0.0
dua bahasa,0.0,1.0
duet,0.0,1.0
duka,1.0,0.0
dukun,0.5,0.0
duniawi,0.25,0.0
dupa,1.0,0.0
duri,0.6666666666666666,0.0
durian runtuh,0.0,1.0
dusta,1.0,0.0
duta besar,0.0,1.0
efektif,0.0,1.0
efisien,0.0,1.0
efisiensi,0.0,1.0
egois,1.0,0.0
egoisme,1.0,0.0
ejaan,0.0,1.0
ejakulasi,0.0,0.5
ejekan,1.0,0.0
ek,0.0,1.0
eksaserbasi,1.0,0.0
eksekusi,1.0,0.0
eksotik,0.0,1.0
ekspedisi,0.0,1.0
ekspektasi,0.0,1.0
eksplosif,1.0,0.0
ekstasi,0.0,1.0
ekstremitas,1.0,0.0
ekuitas,0.0,1.0
elaborasi,0.0,1.0
eliminasi,1.0,0.0
elite,0.0,1.0
emansipasi,0.0,1.0
emas,0.0,0.5
embargo,1.0,0.0
emboli,1.0,0.0
emeritus,0.0,1.0
emir,0.0,1.0
empati,0.0,1.0
empedu,1.0,0.0
encok,1.0,0.0
encore,0.0,1.0
endemis,1.0,0.0
energik,0.0,1.0
enggan,0.6666666666666666,0.0
engkol,1.0,0.0
ensiklopedi,0.0,1.0
ephemeris,0.0,1.0
epidemi,1.0,0.0
epik,0.0,1.0
epilepsi,1.0,0.0
erosi,0.5,0.0
erotis,1.0,1.0
estetika,0.0,1.0
estetis,0.0,1.0
etika,0.0,1.0
etis,0.0,1.0
eutanasia,1.0,0.0
evakuasi,1.0,0.0
evolusi,0.0,1.0
fakta,0.0,0.5
fakultas,0.0,0.5
fana,1.0,0.0
fanatik,1.0,0.0
fantastis,0.5,0.0
farmasi,0.0,0.5
fasih,0.5,0.5
fasik,1.0,0.0
fatal,1.0,0.0
favorit,0.0,1.0
feodal,1.0,0.0
feodalisme,1.0,0.0
festival,0.0,1.0
filibuster,1.0,0.0
filsuf,0.0,1.0
firasat,0.6666666666666666,0.0
fisika,0.0,1.0
fisiologi,0.0,1.0
fitnah,1.0,0.0
fitting,0.0,1.0
fitur,0.0,0.5
fleksibilitas,0.0,1.0
flu,1.0,0.0
fluktuasi,1.0,0.0
fokus,0.0,0.5
fonetis,0.0,1.0
formatif,0.0,1.0
frustrasi,1.0,0.0
fusi,0.0,1.0
gadis,0.0,0.3333333333333333
gaduh,1.0,0.0
gagah,0.0,1.0
gagal,1.0,0.0
gagasan,0.0,1.0
gaib,0.2,0.2
gairah,0.0,0.5
gaji,0.0,1.0
gambar yg tak berarti,1.0,0.0
ganas,1.0,0.0
gang,0.3333333333333333,0.0
gangguan,0.9090909090909091,0.0
ganja,0.5,0.0
ganti rugi,0.25,0.5
gantung,1.0,0.0
garang,1.0,0.0
garing,1.0,0.0
garis,0.25,0.0
garnisun,0.0,1.0
gawang,0.0,1.0
gegabah,1.0,0.0
gegar,1.0,0.0
gejala,1.0,0.0
gelandangan,1.0,0.0
gelisah,1.0,0.0
gembala,0.0,1.0
gembira,0.0,1.0
gemetar,0.6666666666666666,0.0
gemetaran,0.6666666666666666,0.0
gempa bumi,1.0,0.0
gemuk,0.4,0.0
gemuruh,0.5,0.0
gencatan senjata,0.0,1.0
gendut,1.0,0.0
genting,1.0,0.0
gerah,0.0,0.5
gereja,0.0,0.5
geriatrik,1.0,0.0
gerilya,1.0,0.0
germo,1.0,0.0
gerombolan,1.0,0.0
gertakan,1.0,0.0
getah,0.5,0.0
getaran,0.5,0.0
ghetto,1.0,0.0
giat,0.0,0.5
gigi,0.0,0.2
gigih,0.0,1.0
gila,0.9230769230769231,0.0
giliran,0.0,1.0
gipsi,1.0,0.0
glasial,1.0,0.0
goblin,1.0,0.0
godaan,1.0,0.0
gonorea,1.0,0.0
gorila,1.0,0.0
gosip,1.0,0.0
goyah,0.5,0.0
granat,1.0,0.0
grizzly,1.0,0.0
grogi,1.0,0.0
gubernur,0.0,0.5
gubuk,1.0,0.0
gudang,0.25,0.0
gugatan,1.0,0.0
guillotine,1.0,0.0
gulat,1.0,0.0
gumpal,1.0,0.0
gumpalan,0.3333333333333333,0.0
gunung berapi,1.0,0.0
gurih,0.0,1.0
guru,0.0,1.0
gurun,0.5,0.0
habitat,0.0,1.0
hadiah,0.0,1.0
haid,0.0,1.0
hak lebih tinggi,0.0,1.0
halangan,0.5,0.0
halter,1.0,0.0
halus,0.0,0.25
halusinasi,1.0,0.0
hama,1.0,0.0
hambar,1.0,0.0
hampa,1.0,0.0
hampir mati,1.0,0.0
hampir tidak,0.5,0.0
hancur,1.0,0.0
hantu,0.5,0.0
hanya sedikit,1.0,0.0
harapan,0.0,0.25
harga diri,0.0,1.0
hari libur,0.0,1.0
hari ulang tahun,0.0,1.0
harmoni,0.0,1.0
harry,1.0,0.0
harta benda,0.0,1.0
harta karun,0.0,1.0
harum,0.0,1.0
hash,1.0,0.0
hasil,0.0,0.2
hasil karya,0.0,1.0
hasutan,0.5,0.0
hati nurani,0.0,1.0
hati-hati,0.0,1.0
haus,0.5,0.0
haus darah,1.0,0.0
hawar,1.0,0.0
hebat,0.25,0.25
hedonisme,1.0,1.0
helm,0.0,1.0
hemat,0.0,0.3333333333333333
heran,0.0,0.5
heroik,0.0,1.0
heroin,1.0,0.0
herpes,1.0,0.0
hiasan,0.3333333333333333,0.3333333333333333
hiburan,0.0,1.0
hidrosefalus,1.0,0.0
hidup,0.3333333333333333,0.3333333333333333
hidup bersama,0.0,1.0
higienis,0.0,1.0
hijau,0.0,1.0
hijau abadi,0.0,1.0
hilang,1.0,0.0
hina,1.0,0.0
hiperbola,1.0,0.0
hippie,1.0,0.0
hiruk pikuk,1.0,0.0
hiruk-pikuk,1.0,0.0
histeri,1.0,0.0
histeris,1.0,0.0
hiu,1.0,0.0
hobi,0.0,1.0
homologi,0.0,1.0
hormat,0.0,1.0
hubungan,0.25,0.25
huff,1.0,0.0
hujan es,1.0,0.5
hukum,0.0,0.5
hukuman,1.0,0.0
hukuman penjara,1.0,0.0
huuu,1.0,0.0
iblis,1.0,0.0
ibu,1.0,1.0
idealisme,0.0,1.0
idola,0.0,1.0
igauan,1.0,0.0
ilmiah,0.0,0.5
ilmuwan,0.0,1.0
ilusi,1.0,0.0
imajinatif,0.0,1.0
imamat,0.0,1.0
imitasi,1.0,0.0
impoten,1.0,0.0
imut,0.0,1.0
inaugurasi,0.0,1.0
indah,0.0,0.5
indah sekali,0.0,1.0
individualitas,0.0,1.0
indoktrinasi,1.0,0.0
infark,1.0,0.0
infeksi,1.0,0.0
infiltrasi,1.0,1.0
inflasi,1.0,0.0
influensa,1.0,0.0
informasi,0.0,1.0
ingin,1.0,0.0
ingin sekali,0.0,1.0
ingin tahu,0.0,1.0
inklusif,0.0,1.0
inkonstitusionil,1.0,0.0
inovasi,0.0,1.0
inses,1.0,0.0
inspektur,0.0,1.0
inspirasi,0.0,0.5
instrumental,0.0,1.0
integritas,0.0,1.0
intelek,0.0,1.0
intelektual,0.0,1.0
intelijen,0.0,1.0
intens,1.0,1.0
intervensi,1.0,1.0
inti,0.0,0.2
intim,0.0,1.0
intimidasi,1.0,0.0
intisari,0.0,0.5
intoleran,1.0,0.0
intoleransi,1.0,0.0
intonasi,0.0,1.0
intrik,1.0,0.0
intrusi,1.0,0.0
intuisi,0.0,1.0
intuitif,0.0,1.0
invasi,1.0,0.0
inventif,0.0,1.0
irama,0.0,0.5
irasional,1.0,0.0
irasionalitas,1.0,0.0
iri,1.0,0.0
iringan,0.0,1.0
isi,0.0,0.3333333333333333
isi perut,0.5,0.0
isolasi,0.5,0.0
istimewa,0.0,0.5
istirahat,0.0,0.6666666666666666
isu,1.0,0.0
izin,0.0,0.5
jackpot,0.0,1.0
jahat,1.0,0.0
jalan buntu,0.5,0.0
jalang,1.0,0.0
jaminan,0.0,0.5
jamu,0.0,1.0
jamur,0.6666666666666666,0.0
janda,0.0,0.5
jangkar,0.0,1.0
janji,0.0,0.5
jantan,0.0,1.0
jarang,0.2,0.0
jargon,1.0,0.0
jarum,0.0,1.0
jasmani,0.3333333333333333,0.3333333333333333
jatuh,1.0,0.0
jatuh cinta,0.0,1.0
jatuh terjerambab,1.0,0.0
jauh,0.25,0.0
jelaga,1.0,0.0
jelas,0.0,0.4444444444444444
jelasnya,0.0,1.0
jelatang,1.0,0.0
jelek,1.0,0.0
jembalang,1.0,0.0
jenakawan,0.0,1.0
jenis,0.0,0.3333333333333333
jenius,0.0,1.0
jenuh,0.5,0.0
jerat,0.6666666666666666,0.0
jerawat,1.0,0.0
jijik,1.0,0.0
jilbab,1.0,0.0
jimat,0.0,0.3333333333333333
jinak,0.0,0.5
john,1.0,0.0
jompo,1.0,0.0
jornada,1.0,0.0
juara,0.0,1.0
judul,0.0,1.0
jujur,0.0,0.8333333333333334
junta,1.0,0.0
jurang,0.14285714285714285,0.0
juru sita,1.0,0.0
kabar angin,1.0,0.0
kabinet,0.0,1.0
kabur,0.75,0.0
kabut,0.3333333333333333,0.0
kacau,0.8571428571428571,0.0
kafe,0.0,1.0
kafir,1.0,0.0
kain,0.25,0.0
kaku,1.0,0.0
kakus,1.0,0.0
kalajengking,1.0,0.0
kalimat,1.0,0.0
kamar bayi,0.0,1.0
kamar mayat,1.0,0.0
kambing hitam,1.0,0.0
kambuh,0.5,0.0
kamus,0.0,0.3333333333333333
kandas,1.0,0.0
kanibal,1.0,0.0
kanibalisme,1.0,0.0
kanker,1.0,0.0
kantor polisi,1.0,0.0
kantuk,1.0,0.0
kapitalis,0.0,1.0
karat,0.6666666666666666,0.0
kardiomiopati,1.0,0.0
karier,0.0,1.0
karies,1.0,0.0
karikatur,1.0,0.0
karnivora,1.0,0.0
karsinoma,1.0,0.0
kartel,1.0,0.0
kartu as,0.0,1.0
karunia,0.0,1.0
karut,1.0,0.0
kasar,0.45454545454545453,0.0
kasih sayang,0.0,0.6666666666666666
kasta,1.0,0.0
kasus,1.0,0.0
kata,0.0,1.0
kata lontaran,1.0,0.0
kata pengantar singkat,0.0,1.0
kata-kata,1.0,0.0
kata-kata kotor,1.0,0.0
katarak,1.0,0.0
kategoris,0.0,1.0
kateter,1.0,0.0
kaum bangsawan,0.0,1.0
kawan,0.0,1.0
ke belakang,1.0,0.0
ke luar,0.0,0.5
keadaan bangkrut,1.0,0.0
keadaan buruk,1.0,0.0
keadaan darurat,1.0,0.0
keadaan mendung,1.0,0.0
keadaan sulit,1.0,0.0
keadilan,0.0,1.0
keagungan,0.0,1.0
keahlian,0.0,0.75
keajaiban,0.0,1.0
keakraban,0.0,1.0
keandalan,0.0,1.0
keanehan,0.25,0.25
keanggunan,0.0,1.0
keaslian,0.0,1.0
kebahagiaan,0.0,1.0
kebaikan,0.0,0.6666666666666666
kebajikan,0.0,1.0
kebakaran,1.0,0.0
kebakaran besar,1.0,0.0
kebaktian,0.0,1.0
kebalikan,1.0,0.0
kebanggaan,0.0,1.0
kebangkitan,0.0,0.5
kebangkrutan,1.0,0.0
kebebasan,0.0,1.0
kebejatan,1.0,0.0
kebenaran,0.0,0.6666666666666666
kebencian,1.0,0.0
keberangkatan,1.0,0.0
keberanian,0.0,1.0
keberatan,1.0,0.0
kebersihan,0.0,0.5
keberuntungan,0.0,1.0
kebesaran,0.0,1.0
kebetulan,0.2,0.0
kebiadaban,1.0,0.0
kebidanan,0.0,0.5
kebijaksanaan,0.0,0.8
kebinasaan,1.0,0.0
kebingungan,0.6,0.0
kebisingan,1.0,0.0
kebocoran,1.0,0.0
kebodohan,0.8,0.0
kebohongan,1.0,0.0
kebosanan,0.6666666666666666,0.0
kebrutalan,1.0,0.0
kebulatan suara,0.0,1.0
kebun,0.0,0.5
kebuntuan,1.0,0.0
keburu,1.0,0.0
keburukan,0.75,0.0
kebutaan,1.0,0.0
kecabulan,1.0,0.0
kecakapan,0.0,0.5
kecanduan,1.0,0.0
kecantikan,0.0,1.0
kecapi,0.0,0.5
kecelakaan,1.0,0.0
kecemasan,1.0,0.0
kecemburuan,1.0,0.0
kecenderungan,0.16666666666666666,0.16666666666666666
kecenderungan bunuh diri,1.0,0.0
kecengengan,0.0,1.0
kecepatan,0.0,0.2
kecerahan,0.0,1.0
kecerobohan,1.0,0.0
kecewa,1.0,0.0
kecil,0.3333333333333333,0.0
kecokelatan,0.0,1.0
kecukupan,0.0,1.0
kecurigaan,0.5,0.0
kecut,1.0,0.0
kedalaman,0.0,1.0
kedaluwarsa,1.0,0.0
kedatangan,0.0,0.5
kedekatan,0.0,0.3333333333333333
kedermawanan,0.0,1.0
kedewasaan,0.0,1.0
kediktatoran,1.0,0.0
kedinginan,1.0,0.0
kedudukan,0.0,1.0
keenakan,0.0,1.0
keengganan,0.6666666666666666,0.0
kegagahan,0.0,1.0
kegagalan,1.0,0.0
kegairahan,0.0,1.0
keganasan,1.0,0.0
kegelapan,0.6666666666666666,0.0
kegelisahan,0.5,0.0
kegemaran,0.0,1.0
kegembiraan,0.0,1.0
kegemparan,1.0,0.0
kegemukan,1.0,0.0
kegentingan,1.0,0.0
kegigihan,0.0,1.0
kegilaan,1.0,0.0
keguguran,1.0,0.0
kegunaan,0.0,1.0
kehadiran,0.0,0.5
kehamilan,0.5,0.0
kehancuran,0.75,0.0
kehebohan,1.0,0.0
keheningan,0.0,1.0
kehilangan,1.0,0.0
kehormatan,0.0,1.0
keibuan,0.5,1.0
keilahian,0.0,1.0
keindahan,0.0,1.0
keinginan,0.2,0.2
kejahatan,1.0,0.0
kejahatan besar,1.0,0.0
kejam,1.0,0.0
kejang,1.0,0.0
kejanggalan,1.0,0.0
kejatuhan,1.0,0.0
kejelekan,1.0,0.0
kejengkelan,1.0,0.0
kejujuran,0.0,1.0
kejut,1.0,0.0
kejutan,0.0,1.0
kekacauan,0.75,0.0
kekaguman,0.0,1.0
kekakuan,1.0,0.0
kekal,0.0,0.5
kekalahan,0.5,0.0
kekanak-kanakan,0.6666666666666666,0.0
kekasaran,1.0,0.0
kekasih,0.0,1.0
kekayaan,0.0,0.6666666666666666
kekecewaan,1.0,0.0
kekejaman,1.0,0.0
kekejangan,1.0,0.0
kekejian,1.0,0.0
kekek,0.0,1.0
kekeliruan,1.0,0.0
kekenyangan,1.0,0.0
kekerasan,0.8,0.2
kekeringan,0.5,0.0
kekesalan,1.0,0.0
kekhasan,1.0,0.0
kekuasaan,0.0,0.6666666666666666
kekuatan,0.0,1.0
kekuatiran,1.0,0.0
kekudusan,0.0,1.0
kekurangan,1.0,0.0
kekurangan perhatian,1.0,0.0
kekusutan,0.0,1.0
kelahi,1.0,0.0
kelahiran,0.0,0.3333333333333333
kelainan bentuk,1.0,0.0
kelakuan buruk,1.0,0.0
kelalaian,0.6666666666666666,0.0
kelambanan,1.0,0.0
kelambatan,1.0,0.0
kelancaran,0.0,0.5
kelancaran berbicara,0.0,1.0
kelangkaan,0.5,0.0
kelangsungan,0.0,1.0
kelaparan,0.8,0.0
kelebihan,0.5,0.0
kelebihan muatan,1.0,0.0
keledai,0.5,0.0
kelelahan,1.0,0.0
kelemah-lembutan,0.0,1.0
kelemahan,1.0,0.0
kelembutan,0.0,0.5
kelengkapan,0.0,1.0
kelesuan,1.0,0.0
kelimpahan,0.6666666666666666,0.6666666666666666
kelincahan,0.0,1.0
kelip,0.0,1.0
keliru,1.0,0.0
kelonggaran,0.0,0.5
keluar,1.0,0.0
keluarga,0.0,1.0
keluhan,1.0,0.0
kelulusan,0.0,1.0
kelumpuhan,1.0,0.0
kemabukan,0.5,0.0
kemahakuasaan,1.0,1.0
kemahiran,0.0,0.5
kemajuan,0.0,1.0
kemakmuran,0.0,1.0
kemalangan,1.0,0.0
kemalasan,0.5,0.0
kemampuan,0.0,0.6666666666666666
kemandulan,1.0,0.0
kemanjuran,0.0,1.0
kemanusiaan,0.0,1.0
kemarahan,0.8333333333333334,0.0
kemasyhuran,0.5,1.0
kematian,1.0,0.0
kembar,0.0,1.0
kemegahan,0.5,0.5
kemenangan,0.0,1.0
kementerian,0.0,1.0
kemerdekaan,0.0,1.0
kemerosotan,1.0,0.0
kemewahan,0.0,0.6666666666666666
kemiskinan,1.0,0.0
kemitraan,0.0,1.0
kemunafikan,1.0,0.0
kemunduran,1.0,0.0
kemurahan hati,0.0,1.0
kemurnian,0.0,1.0
kemustahilan,1.0,0.0
ken,0.0,1.0
kenaikan,0.0,0.3333333333333333
kenang-kenangan,0.0,1.0
kenari,0.0,0.5
kendala,1.0,0.0
kendali,0.5,0.0
kendur,1.0,0.0
kenekatan,1.0,0.0
kengerian,1.0,0.0
kental,0.3333333333333333,0.0
kenyamanan,0.0,1.0
kepadatan,0.0,0.5
kepahitan,1.0,0.0
kepahlawanan,0.0,1.0
kepala batu,1.0,0.0
kepala pelayan,0.0,1.0
kepala suku,0.0,1.0
kepalsuan,1.0,0.0
kepandaian,0.0,1.0
kepanikan,0.0,1.0
kepasifan,1.0,0.0
kepastian,0.0,1.0
kepatuhan,0.0,1.0
kepekaan,0.0,1.0
kepemilikan,0.0,1.0
kepengecutan,1.0,0.0
keperawanan,0.0,1.0
kepercayaan,0.0,0.5
kepercayaan diri,0.0,1.0
kepolosan,0.0,1.0
kepopuleran,0.0,1.0
kepuasan,0.0,0.5
kepulangan sakit,1.0,0.0
kepura-puraan,1.0,0.0
keputusasaan,0.6666666666666666,0.0
keputusasan,1.0,0.0
keracunan,1.0,0.0
keraguan,0.4,0.0
kerakusan,1.0,0.0
keramahan,0.0,1.0
kerang,0.25,0.0
keras,0.8333333333333334,0.0
keras hati,1.0,0.0
keras kepala,1.0,0.0
kerasukan,1.0,0.0
kerdil,0.5,0.0
kerendahhatian,0.0,1.0
kerentanan,1.0,0.0
kerenyam,0.0,1.0
keretakan,1.0,0.0
keriangan,1.0,0.0
keributan,1.0,0.0
kerinduan,0.5,0.5
kering,0.3333333333333333,0.0
keriting,0.0,0.3333333333333333
keriuhan,1.0,0.0
keriuhan di pawai,0.0,1.0
kerja keras,1.0,0.0
kerja sama,0.0,1.0
kerugian,0.6666666666666666,0.0
kerukunan,0.0,1.0
kerumitan,1.0,0.0
kerusakan,1.0,0.0
kerusuhan,0.5,0.0
kesabaran,0.0,1.0
kesadaran,0.0,1.0
kesalahan,1.0,0.0
kesalahpahaman,1.0,0.0
kesalehan,0.0,1.0
kesan,0.0,1.0
kesatuan,0.0,0.5
kesederhanaan,0.0,1.0
kesediaan,0.0,1.0
kesedihan,0.75,0.0
kesehatan,0.0,0.3333333333333333
keseimbangan,0.0,0.6666666666666666
kesejukan,0.0,1.0
keseleo,1.0,0.0
kesempurnaan,0.0,0.5
kesenangan,0.5,0.0
kesenangan karena menderita,1.0,0.0
kesendirian,0.5,0.0
kesengsaraan,1.0,0.0
kesepian,1.0,0.0
kesesuaian,0.0,0.75
kesetiaan,0.0,1.0
kesiapan,0.0,1.0
kesombongan,1.0,0.0
kesopanan,0.0,0.8571428571428571
kesucian,0.0,0.5
kesukaan,0.0,1.0
kesuksesan,0.0,1.0
kesulitan,1.0,0.0
kesungguhan,0.0,0.5
kesuraman,1.0,0.0
kesurupan,1.0,0.0
kesyahidan,1.0,0.0
ketaatan,0.0,0.3333333333333333
ketabahan,0.0,1.0
ketahanan,0.0,1.0
ketajaman,0.0,0.6666666666666666
ketakterbatasan,0.0,1.0
ketakutan,1.0,0.0
ketamakan,1.0,0.0
ketangkasan,0.0,1.0
ketegasan,0.0,1.0
keteguhan,0.0,1.0
ketekunan,0.0,0.5
ketenangan,0.0,0.8
ketepatan waktu,0.0,0.5
keteraturan,0.0,1.0
keterbacaan,0.0,1.0
keterbukaan,0.0,1.0
ketergantungan,0.6666666666666666,0.0
keterlaluan,1.0,0.0
keterlambatan,1.0,0.0
keterlibatan,0.5,0.5
keterusterangan,0.0,0.5
ketiadaan,1.0,0.0
ketidakabsahan,1.0,0.0
ketidakadilan,1.0,0.0
ketidakamanan,1.0,0.0
ketidakbahagiaan,1.0,0.0
ketidakberdayaan,1.0,0.0
ketidakberpihakan,0.0,1.0
ketidakcocokan,1.0,0.0
ketidakcukupan,1.0,0.0
ketidakdewasaan,1.0,0.0
ketidakefisienan,1.0,0.0
ketidakhadiran,1.0,0.0
ketidakjelasan,1.0,0.0
ketidakjujuran,1.0,0.0
ketidakkonsistenan,1.0,0.0
ketidaklengkapan,1.0,0.0
ketidakmampuan,1.0,0.0
ketidakmurnian,1.0,0.0
ketidakpantasan,1.0,0.0
ketidakpatuhan,1.0,0.0
ketidakpedulian,1.0,0.0
ketidakpercayaan,0.75,0.0
ketidakpuasan,1.0,0.0
ketidaksabaran,1.0,0.0
ketidaksahan,1.0,0.0
ketidaksamaan,1.0,0.0
ketidaksempurnaan,1.0,0.0
ketidaksenangan,1.0,0.0
ketidaksetiaan,1.0,0.0
ketidaksetujuan,1.0,0.0
ketidakstabilan,0.5,0.0
ketidakteraturan,1.0,0.0
ketinggalan,1.0,0.0
ketinggian,0.0,0.5
ketombe,1.0,0.0
ketua,0.0,0.5
keturunan,0.0,0.125
keuangan,0.0,0.3333333333333333
keunggulan,0.0,0.8
keuntungan,0.0,1.0
kewalahan,1.0,0.0
kewaspadaan,0.0,1.0
keyakinan,0.0,1.0
kezaliman,1.0,0.0
khawatir,0.6666666666666666,0.0
khayalan,1.0,0.0
khloroform,1.0,0.0
khotbah,0.0,0.5
kiamat,1.0,0.0
kicauan,0.0,1.0
kidung,0.0,1.0
kilap,0.0,1.0
kilau,0.0,0.5
kina,0.0,1.0
kisah,0.0,0.5
kisi,0.3333333333333333,0.0
kista,1.0,0.0
kita,1.0,0.0
klasik,0.0,1.0
klerikal,0.0,1.0
klimaks,0.0,1.0
knalpot,0.5,0.0
koalisi,0.0,1.0
kodok,1.0,0.0
kognitif,0.0,1.0
koheren,0.0,1.0
koherensi,0.0,1.0
kokain,1.0,0.0
kokoh,0.0,1.0
kolam,0.0,0.5
kolera,1.0,0.0
kolonel,0.0,1.0
kolosal,0.0,1.0
kolusi,1.0,0.0
koma,0.5,0.0
komandan,0.0,0.5
komentator,0.0,1.0
komodor,0.0,1.0
kompak,0.0,0.5
kompatibel,0.0,1.0
kompeten,0.0,1.0
kompetensi,0.0,1.0
kompetisi,1.0,0.0
kompleksitas,1.0,0.0
komplikasi,1.0,0.0
komplotan rahasia,1.0,0.0
kompos,1.0,0.0
komposer,0.0,1.0
komuni,0.0,1.0
komunikatif,0.0,1.0
komunisme,1.0,0.0
kondusif,0.0,1.0
konflik,1.0,0.0
kongregasi,0.0,1.0
konkordansi,0.0,1.0
konsekrasi,0.0,1.0
konselor,0.5,0.5
konsentris,0.0,1.0
konservasi,0.0,1.0
konsistensi,0.0,1.0
konsonan,0.0,1.0
konspirator,1.0,0.0
konstan,0.0,1.0
konstitusional,0.0,1.0
kontak,0.0,1.0
kontaminasi,1.0,0.0
kontemplasi,0.0,1.0
kontensius,1.0,0.0
kontradiksi,1.0,0.0
kontradiktif,1.0,0.0
kontras,0.5,0.0
kontroversi,1.0,0.0
kontroversial,1.0,0.0
kontur,0.0,1.0
konyol,1.0,0.0
kooperatif,0.0,1.0
kopral,1.0,0.0
korban,0.6666666666666666,0.0
koreksi,1.0,0.0
korespondensi,0.0,1.0
koroner,1.0,0.0
korosi,1.0,0.0
korosif,1.0,0.0
korup,1.0,0.0
korupsi,1.0,0.0
kosakata,0.0,1.0
kosmopolitan,0.0,1.0
kosong,0.4,0.0
kotor,1.0,0.0
kotoran,0.8888888888888888,0.0
kreatif,0.0,1.0
kredibel,0.0,1.0
kredibilitas,0.0,1.0
kredit,0.0,1.0
krim,0.0,1.0
kriminalitas,1.0,0.0
krisis,1.0,0.0
kristal,0.0,0.5
kritik,0.5,0.5
kronik,0.0,1.0
kronis,1.0,0.0
ksatria,0.0,1.0
kualifikasi,0.0,1.0
kuat,0.0,0.7142857142857143
kuburan,1.0,0.0
kucing garong,1.0,0.0
kuda jantan,0.0,1.0
kudis,1.0,0.0
kue keju,1.0,0.0
kue-kue,0.0,1.0
kuliner,0.0,1.0
kulit pohon,1.0,0.0
kultus,1.0,0.0
kunci,0.3333333333333333,0.0
kuning,0.5,0.0
kunjungan,1.0,0.0
kuno,1.0,0.0
kurang ajar,1.0,0.0
kurang bayar,1.0,0.0
kurang bersemangat,1.0,0.0
kurang informasi,1.0,0.0
kurang lengkap,1.0,0.0
kurang menarik,1.0,0.0
kurang pengalaman,1.0,0.0
kurang pengetahuan,1.0,0.0
kurang sopan,1.0,0.0
kurungan,1.0,0.0
kurus,0.25,0.0
kusta,1.0,0.0
kusut,0.5,0.0
kutil,1.0,0.0
kutu,0.8,0.0
kutu buku,0.5,1.0
kutuk,1.0,0.0
kutukan,1.0,0.0
labirin,0.5,0.0
lagi,0.0,0.3333333333333333
lagu,0.0,0.3333333333333333
lagu Natal,0.0,1.0
lagu pendek,0.0,1.0
lahar,1.0,0.0
laknat,1.0,0.0
laksamana,0.0,0.5
lakukan,1.0,0.0
lalai,1.0,0.0
lalim,1.0,0.0
lamban,1.0,0.0
lambang,0.0,0.5
lampiran,0.0,0.5
lamunan,0.0,1.0
lamur,0.5,0.0
lancang,1.0,0.0
landak,0.5,0.0
langit,0.0,1.0
langka,1.0,0.0
langsing,0.0,1.0
langsung,0.5,0.5
lapar,1.0,0.0
lapis,0.0,1.0
lapisan,0.0,0.125
larangan,1.0,0.0
larutan,0.0,1.0
laser,0.0,1.0
laut,0.0,0.3333333333333333
lawan,1.0,0.0
layak,0.0,1.0
layang-layang,1.0,0.0
layu,0.5,0.0
lebih besar,0.0,0.5
lebih buruk,1.0,0.0
lebih menyukai,0.0,1.0
lebih rendah,1.0,0.0
lebih tua,0.0,1.0
lecet,1.0,0.0
ledakan,0.6,0.2
lega,0.0,1.0
legendaris,0.0,1.0
lelah,1.0,0.0
lelaki yg tdk terpelajar,1.0,0.0
lelucon,1.0,0.0
lemah,0.5,0.0
lemak,0.5,0.0
lemas,1.0,0.0
lembam,1.0,0.0
lembek,1.0,0.0
lembut,0.0,0.25
lemon,1.0,0.0
lencana,0.0,0.5
lentur,0.0,1.0
lepuh,1.0,0.0
lesu,0.75,0.0
letal,1.0,0.0
letih,1.0,0.0
letusan,1.0,0.0
leukemia,1.0,0.0
lezat,0.14285714285714285,1.0
liar,1.0,0.0
liberal,1.0,1.0
liburan,0.0,1.0
licik,0.42857142857142855,0.14285714285714285
licin,0.0,0.5
liga,0.0,1.0
lihai,0.0,1.0
limbah,1.0,0.0
lincah,0.0,0.75
linglung,0.5,0.0
lintah,1.0,0.0
linu panggul,1.0,0.0
lirik,1.0,0.0
liris,0.0,0.5
listrik,0.0,1.0
logis,0.0,1.0
longgar,0.5,0.0
loon,1.0,0.0
lowongan,1.0,0.0
loyal,0.0,1.0
loyalitas,0.0,1.0
luak,1.0,0.0
luar biasa,0.15384615384615385,0.6153846153846154
luar negeri,0.5,0.0
luas,0.0,0.42857142857142855
lucu,0.4,0.2
lucu sekali,0.0,1.0
luka,1.0,0.0
lumayan,0.0,1.0
lumba-lumba,0.0,1.0
lumpuh,1.0,0.0
lumpur,1.0,0.0
lumpur salju,1.0,0.0
lunak,0.0,0.25
lupa,1.0,0.0
lusuh,1.0,0.0
lynch,1.0,0.0
maaf,0.0,1.0
maag,1.0,0.0
mabuk,1.0,0.0
mafia,1.0,0.0
magnet,0.0,1.0
magnetit,0.0,1.0
mahakuasa,0.0,0.5
mahatahu,0.0,1.0
mahir,0.0,1.0
maju,0.0,0.5
makan,0.0,0.5
makan malam,0.0,0.25
makanan,0.0,0.6
makanan ternak,0.5,0.0
makhluk,0.5,0.0
makhluk hidup,0.5,0.0
makmur,0.0,1.0
maksimum,0.0,1.0
malaikat,0.0,1.0
malang,1.0,0.0
malapetaka,1.0,0.0
malaria,1.0,0.0
malas,1.0,0.0
maling,1.0,0.0
malpraktik,1.0,0.0
malu,0.75,0.0
mandamus,1.0,0.0
mandat,0.0,0.5
mandi,0.0,0.3333333333333333
mandor,0.0,1.0
manfaat,0.0,0.5
mangsa,1.0,0.0
manipulasi,1.0,0.0
manis,0.0,0.6666666666666666
manisan,0.0,1.0
manna,0.0,1.0
mantap,0.0,1.0
manusia super,0.0,1.0
manusiawi,0.0,1.0
mapan,0.0,0.5
marah,0.8571428571428571,0.14285714285714285
marquis,0.0,1.0
marsekal,0.0,1.0
martingale,1.0,0.0
martir,1.0,0.0
masa kanak-kanak,0.0,1.0
masa kejayaan,0.0,1.0
masa pensiun,1.0,1.0
masalah,0.5,0.0
masam,1.0,0.0
maskulin,0.0,1.0
massa,0.5,0.0
masyarakat,0.0,0.5
mata duitan,1.0,0.0
matahari,0.0,1.0
matahari terbenam,0.0,1.0
matang,0.0,1.0
materialis,1.0,0.0
materialisme,1.0,0.0
mati,0.6666666666666666,0.0
mati lemas,1.0,0.0
mati rasa,1.0,0.0
mayat,1.0,0.0
mayoritas,0.0,1.0
mazmur,0.0,1.0
medali,0.0,0.5
medan perang,1.0,0.0
mediasi,0.0,1.0
medis,0.0,1.0
mediterania,0.0,1.0
megah,0.0,1.0
mekar,0.0,1.0
melahap,0.5,0.0
melaksanakan,0.5,0.5
melampiaskan,1.0,0.0
melanggar,1.0,0.0
melanggar hukum,1.0,0.0
melanjutkan,0.0,0.25
melankolik,1.0,0.0
melankolis,1.0,0.0
melarang,0.5,0.0
melarikan diri,0.6666666666666666,0.3333333333333333
melawan,1.0,0.0
melayani,0.3333333333333333,0.3333333333333333
melayu,1.0,0.0
melebih-lebihkan,0.5,0.0
melebihi,0.0,0.6666666666666666
melecehkan,0.5,0.0
meledak,1.0,0.0
meledakkan,1.0,0.0
melelahkan,1.0,0.0
melemah,1.0,0.0
melengkapi,0.0,0.5
melengking,1.0,0.0
melengkung,0.6,0.0
melenyapkan,1.0,0.0
melepaskan,0.25,0.125
meleset,1.0,0.0
melestarikan,0.0,0.6666666666666666
meletus,1.0,0.0
melewati,1.0,0.0
melibatkan,1.0,0.0
melihat,0.0,0.2
melimpah,0.0,1.0
melimpahi,1.0,0.0
melimpahkan,0.0,1.0
melindungi,0.0,1.0
meliur,1.0,0.0
melolong,1.0,0.0
melompat,0.25,0.25
meluap,0.3333333333333333,0.0
melukai,1.0,0.0
melumpuhkan,1.0,0.0
meluncur,0.0,0.5
meluncurkan,0.0,1.0
melupakan,1.0,0.0
memaafkan,0.0,1.0
memadamkan,1.0,0.0
memahami,0.0,0.6666666666666666
memakai,0.3333333333333333,0.0
memaksa,0.75,0.0
memalsukan,1.0,0.0
memalukan,0.8571428571428571,0.0
memamerkan,1.0,0.0
memancarkan,0.0,0.3333333333333333
memancing,1.0,0.0
memandu,0.0,1.0
memanen,0.0,1.0
memanggang,0.25,0.0
memanipulasi,1.0,0.0
memanjakan,0.3333333333333333,0.0
memar,1.0,0.0
memarahi,1.0,0.0
memarut,1.0,0.0
memastikan,0.0,0.25
mematangkan,0.0,1.0
mematikan,1.0,0.0
mematuk,0.0,1.0
membabi buta,1.0,0.0
membaca,0.0,0.5
membagikan,0.3333333333333333,0.0
membahayakan,1.0,0.0
membalas,0.3333333333333333,0.3333333333333333
membalikkan,0.5,0.0
membanggakan,1.0,1.0
membangkitkan,0.2,0.4
membangun,0.0,1.0
membanjiri,1.0,0.0
membantah,1.0,0.0
membanting,1.0,0.0
membantu,0.0,1.0
membarui lagi,0.0,1.0
membasmi,1.0,0.0
membatalkan,0.8888888888888888,0.0
membatasi,0.5,0.0
membayar,0.0,1.0
membayar kembali,0.0,1.0
membebani,1.0,0.0
membebaskan,0.0,0.5
membedakan,0.3333333333333333,0.0
membela,0.0,1.0
membelah,0.6666666666666666,0.0
membelai,0.5,0.5
membenamkan,0.0,1.0
membenci,1.0,0.0
membentengi,0.0,1.0
membentuk,0.0,0.3333333333333333
memberatkan,1.0,0.0
memberdayakan,0.0,1.0
memberi,0.0,0.75
memberikan,0.0,0.5
memberkati,0.0,1.0
memberontak,1.0,0.0
membersihkan,0.3333333333333333,0.6666666666666666
membesut,1.0,0.0
membina,0.0,1.0
membinasakan,1.0,0.0
memboikot,1.0,0.0
membombardir,1.0,0.0
membongkar,0.25,0.0
membosankan,0.8333333333333334,0.0
membual,1.0,0.0
membuang,0.3333333333333333,0.0
membuat,0.3333333333333333,0.3333333333333333
membuat bingung,1.0,0.0
membuat terkesan,0.0,1.0
membuat ulang,0.0,1.0
membuka,0.3333333333333333,0.3333333333333333
membuktikan,0.0,1.0
membumbui,0.0,0.5
membungkuk,0.5,0.0
membunuh,1.0,0.0
memburu,1.0,0.0
memburuk,1.0,0.0
membusuk,0.75,0.0
memekik,1.0,0.0
memeluk,0.0,1.0
memenjarakan,1.0,0.0
memenuhi,0.0,1.0
memenuhi syarat,0.0,0.6666666666666666
memerah,0.3333333333333333,0.0
memeriahkan,0.0,1.0
memerintah,0.0,0.25
memfitnah,0.6666666666666666,0.0
memikat hati,0.0,1.0
memilih,0.0,0.5
memiliki,0.0,0.5
memimpin,0.0,0.3333333333333333
meminta maaf,0.0,1.0
memisahkan,0.3333333333333333,0.0
memohon,0.25,0.0
memotong,0.2857142857142857,0.0
mempekerjakan,0.0,0.5
mempelai,0.0,1.0
mempelajari,0.0,1.0
memperbaiki,0.0,0.6666666666666666
memperbudak,1.0,0.0
mempercantik,0.0,1.0
memperdaya,1.0,0.0
memperingati,0.0,1.0
memperingatkan,1.0,0.0
memperkaya,0.0,1.0
memperkecil,1.0,0.0
memperkosa,1.0,0.0
memperkuat,0.0,0.5
memperlambat,1.0,0.0
memperoleh,0.0,0.4
memperpanjang,0.3333333333333333,0.3333333333333333
mempersiapkan,0.0,0.5
mempertaruhkan,0.5,0.0
mempertinggi,1.0,0.0
mempesona,0.0,0.6666666666666666
memproduksi,0.0,1.0
memprovokasi,1.0,0.0
memuakkan,1.0,0.0
memuaskan,0.0,0.5
memudahkan,0.0,1.0
memudar,0.5,0.0
memuja,0.0,1.0
memuji,0.0,1.0
memukau,0.0,1.0
memukul,0.8333333333333334,0.0
memukul mundur,1.0,0.0
memulangkan,1.0,0.0
memuliakan,0.0,1.0
memulihkan,0.0,1.0
memungkinkan,0.0,1.0
memurnikan,0.0,1.0
memusnahkan,1.0,0.0
memutuskan,1.0,0.0
memveto,1.0,0.0
memvonis,1.0,0.0
menabrak,0.5,0.0
menahan,0.75,0.25
menakjubkan,0.0,0.4
menakuti,1.0,0.0
menambah,0.0,0.5
menambatkan,1.0,0.0
menanduk,1.0,0.0
menanggung,0.0,1.0
menangis,0.8,0.0
menangkap,0.6666666666666666,0.0
menanjak,1.0,1.0
menara,0.0,1.0
menari,0.0,1.0
menarik,0.16666666666666666,0.5833333333333334
menarik kembali,1.0,0.0
menasihati,0.0,1.0
menatap,0.5,0.0
menawan,0.0,1.0
menawarkan,0.0,0.5
mencairkan,1.0,0.0
mencambuk,1.0,0.0
mencampuradukkan,1.0,0.0
mencampuri,1.0,0.0
mencekik,1.0,0.0
mencela,1.0,0.0
mencemari,1.0,0.0
mencemoohkan,1.0,0.0
mencerahkan,0.0,1.0
mencetak kembali,1.0,0.0
mencoba-coba,0.5,0.0
mencolek,1.0,0.0
mencolok,0.0,1.0
mencongkel,1.0,0.0
menculik,1.0,0.0
mencurangi,1.0,0.0
mencuri,0.5,0.0
mencurigakan,0.5,0.0
mendahului,0.0,0.25
mendakwa,1.0,0.0
mendambakan,0.5,0.0
mendapatkan,0.0,0.75
mendarat,0.0,1.0
mendasar,0.0,1.0
mendatangkan,1.0,0.0
mendayung,0.0,1.0
mendebarkan,0.0,1.0
mendekam,0.5,0.0
mendera,1.0,0.0
menderita,0.8,0.2
mendesak,0.5,0.0
mendesis,0.3333333333333333,0.0
mendeteksi,0.0,1.0
mendidihkan,1.0,0.0
mendidik,0.0,1.0
mendiskreditkan,1.0,0.0
mendominasi,0.5,0.5
mendorong,0.2,0.2
menduga,0.0,1.0
mendukung,0.0,0.5
mendung,1.0,0.0
menebus,0.0,1.0
menegaskan,0.0,0.5
menegaskan kembali,0.0,1.0
meneguk,0.5,0.0
menegur,1.0,0.0
menekan,1.0,0.0
menekankan,0.5,0.0
menelantarkan,1.0,0.0
meneliti,0.5,0.0
menembak,1.0,0.0
menempa,0.0,1.0
menempati,0.0,1.0
menenangkan,0.0,0.6
menengahi,0.0,0.5
menenggak,1.0,0.0
menenggelamkan,1.0,0.0
menentang,0.75,0.0
menerangi,0.0,1.0
menerima,0.0,0.6666666666666666
meneror,1.0,0.0
mengabaikan,1.0,0.0
mengaburkan,1.0,0.0
mengadili,1.0,0.0
mengagumi,0.0,1.0
mengagungkan,0.0,1.0
mengajar,0.0,1.0
mengajukan perkara,1.0,0.0
mengakui,0.2,0.2
mengalah,1.0,0.0
mengalahkan,0.6,0.2
mengalir,0.0,0.3333333333333333
mengambil bagian,0.0,1.0
mengamuk,1.0,0.0
mengancam,1.0,0.0
mengangkat,0.0,0.25
menganiaya,1.0,0.0
mengantar,0.0,1.0
menganugerahkan,0.0,1.0
mengasingkan,1.0,0.0
mengatakan,1.0,0.0
mengatur,0.0,0.5
mengecam,1.0,0.0
mengecewakan,1.0,0.0
mengecilkan hati,1.0,0.0
mengejar,0.5,0.0
mengejek,1.0,0.0
mengejuntukan,1.0,0.0
mengejutkan,0.5,0.0
mengelilingi,0.5,0.5
mengelola,0.0,0.5
mengeluarkan,0.5,0.0
mengeluh,1.0,0.0
mengelupas,1.0,0.0
mengembalikan ke penjara,1.0,0.0
mengembalikan lagi,0.0,1.0
mengembangkan,0.0,0.3333333333333333
mengemis,1.0,0.0
mengenakan,0.0,1.0
mengepung,0.0,1.0
mengerang,1.0,0.0
mengeras,0.3333333333333333,0.0
mengerikan,1.0,0.0
mengernyit,1.0,0.0
mengerti,0.0,1.0
mengerutkan kening,1.0,0.0
mengesalkan,1.0,0.0
menggabungkan,0.0,0.25
menggagalkan,0.75,0.0
mengganggu,0.9,0.0
mengganti rugi,1.0,0.0
menggantikan,0.3333333333333333,0.0
menggarisbawahi,0.0,0.5
menggasak,1.0,0.0
menggelapkan,1.0,0.0
menggelegar,1.0,0.0
menggelepar,1.0,0.0
menggeliat,0.5,0.0
menggelikan,1.0,0.0
menggelisahkan,1.0,0.0
menggelitik,0.0,1.0
menggemaskan,0.0,1.0
menggeram,1.0,0.0
menggerenyet,1.0,0.0
menggertak,1.0,0.0
menggertakkan,0.0,1.0
menggigil,1.0,0.0
menggigit,0.5,0.0
menggiling,0.3333333333333333,0.3333333333333333
menggoda,0.5,0.125
menggolongkan,0.0,1.0
menggosok,0.5,0.0
menggugurkan,1.0,0.0
menggulingkan,1.0,0.0
menghadiahkan,0.0,1.0
menghalangi,0.5714285714285714,0.0
menghambat,1.0,0.0
menghancurkan,0.8,0.0
menghanguskan,1.0,0.0
menghantui,1.0,0.0
menghapus,0.6666666666666666,0.0
menghapuskan,1.0,0.0
mengharapkan,0.0,0.3333333333333333
menghargai,0.0,1.0
menghasilkan,0.0,0.2
menghasut,1.0,0.0
menghentikan,1.0,0.0
menghibur,0.0,1.0
menghidupkan,0.5,1.0
menghilang,0.2,0.0
menghilangkan,0.6666666666666666,0.3333333333333333
menghina,1.0,0.0
menghindari,0.42857142857142855,0.0
menghitung,0.125,0.25
menghormati,0.0,1.0
menghujat,1.0,0.0
menghukum,1.0,0.0
mengigau,1.0,0.0
mengilhami,0.0,1.0
mengimbangi,0.0,0.6666666666666666
menginginkan,0.0,1.0
menginstruksikan,0.0,1.0
mengintai,0.6666666666666666,0.0
mengira,1.0,0.0
mengirik,1.0,0.0
mengisap,0.5,0.0
mengisi kembali,0.0,1.0
mengizinkan,0.3333333333333333,0.0
mengkhawatirkan,1.0,0.0
mengkhianati,1.0,0.0
mengkritik,1.0,0.0
mengoceh,0.75,0.0
mengolah,0.0,1.0
mengomel,1.0,0.0
mengotori,1.0,0.0
mengoyakkan,1.0,0.0
menguap,1.0,0.0
menguasai,0.0,1.0
menguatkan,0.0,1.0
mengubah,0.0,0.5
mengudara,1.0,0.0
menguduskan,0.0,1.0
mengundang,0.0,1.0
mengundurkan diri,1.0,0.0
mengunjungi,0.0,0.5
menguntungkan,0.0,1.0
mengupas,1.0,0.0
menguping,1.0,0.0
mengurangi,0.875,0.0
mengurung,0.5,0.0
mengusap,1.0,0.0
mengusir,0.8,0.0
mengutil,1.0,0.0
mengutip,1.0,1.0
mengutuk,1.0,0.0
menikmati,0.0,0.6666666666666666
menimbulkan,0.5,0.0
menimpa,0.6666666666666666,0.0
menindas,1.0,0.0
meninggalkan,1.0,0.0
meningkat,0.5,0.5
meningkatkan,0.3333333333333333,0.6666666666666666
menipu,0.7777777777777778,0.0
meniru,0.0,0.25
menirukan,1.0,0.0
menjadi korban,1.0,0.0
menjaga,0.0,1.0
menjamin,0.0,0.6666666666666666
menjanjikan,0.0,1.0
menjarah,1.0,0.0
menjatuhkan,0.3333333333333333,0.0
menjauhkan,1.0,0.0
menjauhkan diri,0.5,0.0
menjelaskan,0.0,0.8
menjemukan,1.0,0.0
menjengkelkan,1.0,0.0
menjerit,0.5,0.0
menjijikan,1.0,0.0
menjijikkan,1.0,0.0
menjilat,1.0,0.0
menodai,1.0,0.0
menolak,0.8888888888888888,0.0
menonaktifkan,0.5,0.0
menonjol,0.0,0.5
menopang,0.0,0.5
mentah,0.5,0.0
mentolerir,1.0,0.0
menuduh,1.0,0.0
menukarkan,0.0,1.0
menular,0.6666666666666666,0.0
menulari,1.0,0.0
menumbangkan,1.0,0.0
menumpas,1.0,0.0
menunda,0.3333333333333333,0.0
menundukkan,0.5,0.5
menuntut,1.0,0.0
menurunkan,1.0,0.0
menusuk,1.0,0.0
menutup perkara,1.0,0.0
menutupi,0.3333333333333333,0.3333333333333333
menyakiti,1.0,0.0
menyakitkan,1.0,0.0
menyalahkan,1.0,0.0
menyalak,1.0,0.0
menyalibkan,1.0,0.0
menyambut,0.0,1.0
menyampaikan,0.0,0.5
menyangkal,0.3333333333333333,0.0
menyanjung,0.0,1.0
menyanyi,0.0,1.0
menyarankan,0.0,0.5
menyaring,0.0,1.0
menyayangkan,1.0,0.0
menyebarkan,0.0,0.25
menyeberang,0.3333333333333333,0.0
menyederhanakan,0.0,1.0
menyediakan,0.0,0.6666666666666666
menyedihkan,1.0,0.0
menyegarkan,0.0,1.0
menyelamatkan,0.0,0.5
menyelesaikan,0.0,0.4
menyelidiki,0.0,1.0
menyelinap,1.0,0.0
menyelundupkan,1.0,0.0
menyembelih,1.0,0.0
menyenangkan,0.0,1.0
menyengat,0.5,0.0
menyerah,1.0,0.0
menyerahkan,0.5,0.0
menyerang,1.0,0.0
menyerbu,0.5,0.0
menyeringai,0.0,1.0
menyesal,1.0,0.0
menyesali,0.6666666666666666,0.3333333333333333
menyesatkan,1.0,0.0
menyesuaikan,0.0,0.3333333333333333
menyetujui,0.0,0.5
menyia nyiakan,1.0,0.0
menyiksa,1.0,0.0
menyimpan,0.0,0.3333333333333333
menyimpang,0.2,0.0
menyimpulkan,0.0,0.25
menyinggung,1.0,0.0
menyinkronkan,0.0,1.0
menyiram,0.0,1.0
menyisihkan,1.0,0.0
menyita,1.0,0.0
menyolok,0.625,0.125
menyuap,1.0,0.0
menyukai,0.0,1.0
menyulitkan,1.0,0.0
menyumbang,0.0,1.0
menyumpahi,1.0,0.0
menyusut,1.0,0.0
meragukan,1.0,0.0
merah tua,0.5,0.0
meraih,0.0,1.0
merak,0.0,1.0
meramalkan,0.0,0.5
merana,1.0,0.0
merangkak,1.0,0.0
merangkul,0.0,1.0
merangsang,0.0,1.0
merapikan,0.0,1.0
merasa,0.5,0.5
merasa ngeri,1.0,0.0
merasa tidak aman,1.0,0.0
meratap,0.5,0.0
meratapi,1.0,0.0
merawat,0.5,0.5
merayakan,0.0,1.0
mercu suar,0.0,1.0
merebut,0.6,0.0
meredakan,0.0,1.0
merekonstruksi,0.0,1.0
meremajakan,0.0,1.0
merembes,0.0,1.0
meremehkan,0.75,0.0
merendahkan,1.0,0.0
merengek,0.5,0.0
merenovasi,0.0,1.0
merenungkan,0.0,0.3333333333333333
merevisi,0.0,1.0
meriah,0.0,0.5
meriam,1.0,0.0
meringankan,0.0,0.5
merobek,1.0,0.0
merogoh,1.0,0.0
merombak,0.0,1.0
merosot,1.0,0.0
merpati,0.5,0.5
merugikan,1.0,0.0
merusak,0.8571428571428571,0.0
merusak bentuk,1.0,0.0
mesin tenun,1.0,0.0
meskipun,0.5,0.0
mesum,1.0,0.0
metanol,1.0,0.0
metastase,1.0,0.0
metropolitan,0.0,1.0
mewah,0.0,0.6
mewajibkan,0.5,0.5
meyakinkan,0.0,0.5
mikroskopi,0.0,1.0
milik,0.5,0.0
milisi,1.0,0.0
mimbar,0.0,0.5
mimpi buruk,1.0,0.0
minat,0.0,1.0
minimum,1.0,0.0
minoritas,1.0,0.0
minta maaf,0.0,1.0
minum,0.3333333333333333,0.3333333333333333
minuman,0.0,1.0
minuman keras,0.6666666666666666,0.0
minyak bumi,1.0,1.0
miring,0.25,0.0
misionaris,0.0,1.0
miskin,0.75,0.0
mitra,0.0,1.0
mobil jenazah,1.0,0.0
model,0.0,1.0
moderator,0.0,1.0
modis,0.0,1.0
momentum,0.0,1.0
momok,1.0,0.0
moncong,0.5,0.0
montok,0.0,0.5
moral,0.0,1.0
moralitas,0.0,1.0
morbiditas,1.0,0.0
mortir,0.0,1.0
motif,0.0,0.5
mual,1.0,0.0
muda,0.0,0.5
mudah,0.0,0.5
mudah beradaptasi,0.0,1.0
mudah dibodohi,1.0,0.0
mudah diingat,0.0,1.0
mudah marah,1.0,0.0
mudah tersinggung,1.0,0.0
mulia,0.5,0.5
munafik,0.5,0.0
mundur,0.25,0.0
muntah,0.4,0.0
murah,0.5,0.5
muram,1.0,0.0
murni,0.0,0.75
murung,1.0,0.0
musik,0.0,1.0
musikal,0.0,1.0
musim,0.5,0.0
musnah,1.0,0.0
mustahil,0.5,0.0
musuh,1.0,0.0
mutan,1.0,0.0
mutilasi,1.0,0.0
mutlak,0.0,1.0
nabi,0.0,1.0
nadir,1.0,0.0
nafsu,1.0,0.0
naif,1.0,0.0
najis,1.0,0.0
nakal,0.75,0.0
nalar,0.0,1.0
naluriah,0.0,1.0
nama yg salah,1.0,0.0
nanah,1.0,0.0
nasihat,0.0,0.6666666666666666
naskah,0.0,0.3333333333333333
naturalis,0.0,1.0
negatif,1.0,0.0
negosiasi,0.0,1.0
nektar,0.0,1.0
nenek,0.0,1.0
nenek moyang,0.0,0.5
nepotisme,1.0,0.0
neraka,1.0,0.0
neurotik,1.0,0.0
ngawur,1.0,0.0
ngelantur,1.0,0.0
ngeri,1.0,0.0
ngobrol,1.0,0.0
ngomel,1.0,0.0
niat baik,0.0,1.0
nihilisme,1.0,0.0
nikah,0.0,1.0
nikotin,1.0,0.0
nirkabel,0.0,1.0
noda,1.0,0.0
normalitas,0.0,1.0
nul,1.0,0.0
nyali,0.0,1.0
nyaman,0.0,0.6666666666666666
nyamuk,1.0,0.0
nyanyian,0.0,1.0
nyanyian pujian,0.0,1.0
nyaring,0.0,0.5
nyata,0.0,0.3333333333333333
nyonya,0.5,0.0
oasis,0.0,1.0
obat bius,0.5,0.0
obat mujarab,0.0,1.0
obat pencahar,0.0,1.0
obi,1.0,0.0
objektif,0.0,1.0
obligasi,1.0,0.0
obstruktif,1.0,0.0
ocehan,1.0,0.0
oksidasi,1.0,0.0
oligarki,1.0,0.0
omelan,1.0,0.0
omong kosong,0.8,0.0
omongan,1.0,0.0
opera,0.5,0.5
opsional,0.0,0.5
optimis,0.0,1.0
optimisme,0.0,1.0
orang aneh,0.6666666666666666,0.0
orang asing,1.0,0.0
orang bodoh,1.0,0.0
orang buangan,1.0,0.0
orang cabul,1.0,0.0
orang celaka,1.0,0.0
orang desa,0.0,1.0
orang gila,1.0,0.0
orang miskin,1.0,0.0
orang munafik,1.0,0.0
orang-orang terkenal,0.0,1.0
orang-orangan sawah,1.0,1.0
orc,1.0,0.0
organik,0.0,1.0
organisasi,0.0,1.0
orgasme,0.0,1.0
orkestra,0.0,1.0
otak,0.0,0.6666666666666666
otokratis,1.0,0.0
otorisasi,0.0,1.0
otoritas,0.0,1.0
overdosis,1.0,0.0
pabrikan,0.0,1.0
pacaran,0.0,1.0
padang rumput,0.0,0.4
padat,0.0,0.25
paduan suara,0.0,1.0
pahat,0.0,1.0
pahlawan,0.0,1.0
pahlawan wanita,0.0,1.0
pajak,1.0,0.0
pak,0.0,1.0
paksaan,0.6666666666666666,0.16666666666666666
paliatif,0.0,1.0
paling tinggi,1.0,1.0
palsu,1.0,0.0
panas,0.25,0.0
pandai berbicara,0.0,1.0
pandemi,1.0,0.0
panduan,0.0,0.5
pangeran,0.0,1.0
panggilan,0.6,0.0
panik,1.0,0.0
pantas,0.0,0.5
pantat,0.4,0.0
pantomim,0.0,0.5
paprika,0.0,1.0
parafrase,1.0,1.0
paranoid,1.0,0.0
parasit,1.0,0.0
parau,1.0,0.0
parietal,0.0,1.0
parodi,1.0,0.0
partisan,1.0,0.0
partisipasi,0.0,1.0
parut,1.0,0.0
pasangan,0.0,0.4
pasien,0.0,1.0
pasif,1.0,0.0
pasti,0.0,0.25
patah,1.0,0.0
paten,0.0,1.0
patriarkhal,0.0,1.0
patuh,0.0,0.5
patung,0.0,0.6666666666666666
paus,0.0,0.3333333333333333
payudara besar,0.5,0.0
pecah,1.0,0.0
pedalaman,0.0,0.3333333333333333
pedang,0.5,0.0
pedas,0.5,0.0
pejalan kaki,0.5,0.0
pejantan,0.0,1.0
pejuang,0.3333333333333333,0.3333333333333333
pekerjaan,0.0,0.5
pekerjaan rumah,0.5,0.0
pekerjaan yg membosankan,0.5,0.0
pelabuhan,0.0,0.5
pelacur,0.8,0.0
pelacuran,1.0,0.0
pelajaran,0.0,1.0
pelaksanaan,1.0,0.0
pelaku,0.6666666666666666,0.3333333333333333
pelampung,0.0,1.0
pelanggan,0.0,0.5
pelanggar,1.0,0.0
pelanggaran,1.0,0.0
pelanggaran hukum,1.0,0.0
pelapor,1.0,0.0
pelat ketel,1.0,0.0
pelawak,0.0,0.5
pelayan,0.25,0.25
pelega,0.0,1.0
pelengseran,1.0,0.0
pelepasan,1.0,0.0
pelindung,0.0,1.0
pelit,1.0,0.0
pelobi,1.0,0.0
pelopor,0.0,1.0
peluang,0.0,0.5
pelupaan,1.0,0.0
pemahkotaan,0.0,1.0
pemain,1.0,0.0
pemakaman,1.0,0.0
pemalas,1.0,0.0
pemalsuan,1.0,0.0
pemalu,1.0,0.0
pemarah,1.0,0.0
pembaca,0.0,1.0
pembajakan,0.5,0.0
pembakar,0.5,0.0
pembakaran,0.4,0.0
pembalas,1.0,0.0
pembalasan,0.75,0.0
pembalasan dendam,1.0,0.0
pembangkang,1.0,0.0
pembangkangan,1.0,0.0
pembantaian,1.0,0.0
pembantu,0.0,0.5
pembaptisan,0.0,0.5
pembaru,0.0,1.0
pembaruan,0.0,1.0
pembatalan,0.6666666666666666,0.0
pembawa,0.5,0.0
pembayaran,0.5,0.0
pembebasan,0.0,0.75
pembekuan,0.5,0.0
pembela,0.0,0.5
pembelaan,0.0,1.0
pembenaran,0.0,0.5
pembengkakan,1.0,0.0
pemberani,0.0,1.0
pemberantasan,1.0,0.0
pemberdayaan,0.0,1.0
pemberian,1.0,0.0
pemberontak,1.0,0.0
pemberontakan,0.75,0.0
pembersihan,0.0,1.0
pembicara utama,0.0,1.0
pembimbing,0.0,0.5
pembohong,1.0,0.0
pembongkaran,1.0,0.0
pembuangan,1.0,0.0
pembuatan,0.3333333333333333,0.0
pembubaran,1.0,0.0
pembunuh,1.0,0.0
pembunuhan,1.0,0.0
pembunuhan anak,1.0,0.0
pemburu,1.0,0.0
pemburuan kelinci,1.0,0.0
pemecatan,1.0,0.0
pemegatan,1.0,0.0
pemenang,0.0,1.0
pemenang hadiah,0.0,1.0
pemenuhan,0.0,1.0
pemerasan,1.0,0.0
pemerintah,1.0,0.0
pemikir,0.0,1.0
pemimpin,0.0,1.0
pemindahan,0.3333333333333333,0.0
peminjam,1.0,0.0
pemisahan,0.5,0.0
pemisahan diri,1.0,0.0
pemotong,0.5,0.5
pemotongan,0.6666666666666666,0.0
pemujaan,0.0,1.0
pemujaan berhala,1.0,0.0
pemukim,0.0,1.0
pemulihan,0.0,1.0
pemulihan nama baik,0.0,1.0
pemulung,1.0,0.0
pemurnian,0.0,1.0
pemusnahan,1.0,0.0
pemutarbalikan,1.0,0.0
penahan,1.0,0.0
penahanan,0.6666666666666666,0.0
penaklukan,1.0,0.0
penalti,1.0,0.0
penambah,1.0,0.0
penampil,0.0,1.0
penanaman,0.0,0.3333333333333333
penangguhan,1.0,0.0
penangkal,0.0,1.0
penangkapan,0.2,0.0
penanya,0.0,1.0
penasihat,0.0,1.0
pencabutan,1.0,0.0
pencahar,1.0,0.0
pencalonan,0.0,0.5
pencapaian,0.0,0.6666666666666666
pencarian,0.0,1.0
pencegahan,0.3333333333333333,0.6666666666666666
pencerahan,0.0,1.0
penceramah,0.0,1.0
pencium,1.0,0.0
penculikan,1.0,0.0
pencuri,1.0,0.0
pencurian,1.0,0.0
pendakian,0.0,1.0
pendamping,0.0,1.0
pendampingan,0.0,1.0
pendarahan,1.0,0.0
pendendam,1.0,0.0
pendengaran,0.5,0.0
penderita,1.0,0.0
penderitaan,1.0,0.0
pendeta,0.0,0.5714285714285714
pendidikan,0.0,0.6666666666666666
pendosa,1.0,0.0
penduduk,0.0,0.5
pendukung,0.0,0.6666666666666666
penebusan,0.0,1.0
penebusan dosa,0.0,0.5
penekanan,1.0,0.0
penembakan,0.5,0.0
penemu,0.0,1.0
penemuan,0.0,0.5
penengah,0.0,1.0
penentuan,0.0,1.0
penerangan,0.0,1.0
penerbangan,0.0,0.3333333333333333
penerimaan,0.0,0.25
penetrasi,1.0,0.0
pengabadian,1.0,0.0
pengabaian,1.0,0.0
pengacara,0.25,0.25
pengacau,1.0,0.0
pengadilan,0.2,0.0
pengaduan,1.0,0.0
pengagum,0.0,1.0
pengajar,0.0,1.0
pengakuan,0.3333333333333333,0.16666666666666666
pengalihan,0.0,1.0
pengampunan,0.0,1.0
penganggur,1.0,0.0
penganiayaan,1.0,0.0
pengantin,0.0,1.0
pengantin perempuan,0.0,1.0
pengap,1.0,0.0
pengarang,0.0,1.0
pengaruh,1.0,1.0
pengasingan,1.0,0.5
pengawal,0.0,0.5
pengawas,0.0,0.2
pengawasan,0.25,0.25
pengawet,0.0,1.0
pengeboman,1.0,0.0
pengecualian,0.6666666666666666,0.0
pengecut,1.0,0.0
pengekangan,0.0,1.0
pengelolaan,0.0,1.0
pengeluaran,0.6666666666666666,0.0
pengembalian,0.3333333333333333,0.3333333333333333
pengemis,1.0,0.0
pengenaan,1.0,0.0
pengendara,0.0,1.0
pengetahuan,0.0,0.5
penggalian,1.0,0.0
penggantian,0.0,0.5
penggelapan,1.0,0.0
penggemar,0.0,1.0
penggerak,0.0,1.0
penggoda,1.0,1.0
penggugat,1.0,0.0
penghalang,1.0,0.0
penghambatan,1.0,0.0
penghancuran,1.0,0.0
penghapusan,0.8,0.0
penghargaan,0.0,1.0
penghasilan,1.0,1.0
penghematan,0.5,0.25
penghentian,0.75,0.0
penghiburan,0.0,0.5
penghinaan,1.0,0.0
penghindaran,1.0,0.0
penghormatan,0.0,1.0
penghukuman,1.0,0.0
penghuni,0.0,0.5
penghuni liar,1.0,0.0
pengiriman,0.0,0.25
pengiring pengantin perempuan,0.0,1.0
pengisi daya,0.0,1.0
pengkhianat,1.0,0.0
pengkhianatan,1.0,0.0
pengkritik,1.0,0.0
penglihatan,0.0,0.3333333333333333
pengorbanan,1.0,0.0
penguasaan,0.0,1.0
penguatan,0.0,1.0
pengudusan,0.0,1.0
pengunduran diri,1.0,0.0
pengungsian,1.0,0.0
pengunjung,0.0,1.0
penguraian,1.0,0.0
pengurangan,0.2,0.2
pengusiran,1.0,0.0
pengusiran setan,1.0,0.0
pengutang,1.0,0.0
penikmat,0.0,1.0
penindas,1.0,0.0
penindasan,1.0,0.0
peninggian,0.0,1.0
peningkatan,0.0,0.5
penipu,1.0,0.0
penipuan,1.0,0.0
peniru,1.0,0.0
peniruan,1.0,0.0
penistaan,1.0,0.0
peniup,1.0,0.0
penjaga,0.0,0.625
penjahat,1.0,0.0
penjara,0.8,0.0
penjara bawah tanah,1.0,0.0
penjudi,1.0,0.0
penodaan,1.0,0.0
penolak,1.0,0.0
penolakan,0.8333333333333334,0.0
pentahbisan,0.0,1.0
penting,0.0,0.6666666666666666
pentingnya,0.0,1.0
penuduh,1.0,0.0
penuh,0.2857142857142857,0.5714285714285714
penuh arti,0.0,1.0
penuh bintang,0.0,1.0
penuh dosa,1.0,0.0
penuh gairah,1.0,0.0
penuh harapan,0.0,0.5
penuh kasih,0.0,1.0
penuh kebencian,1.0,0.0
penuh perhatian,0.0,1.0
penuh pertimbangan,0.0,1.0
penuh semangat,0.0,0.5
penuh teka-teki,1.0,0.0
penularan,0.5,0.0
penulis,0.0,1.0
penumpasan,1.0,0.0
penundaan,0.5,0.0
penuntutan,1.0,0.0
penurunan,0.6666666666666666,0.0
penutupan,0.0,1.0
penyair,0.0,0.5
penyajian,1.0,1.0
penyakit,0.8,0.0
penyakit gondok,1.0,0.0
penyakit jiwa,1.0,0.0
penyakit kuning,1.0,0.0
penyalahgunaan,0.5,0.0
penyaliban,1.0,0.0
penyaluran pecomberan,1.0,0.0
penyangkalan,1.0,0.0
penyataan,0.0,1.0
penyatuan,0.0,1.0
penyayang,0.0,1.0
penyebaran,0.3333333333333333,0.0
penyeberangan,1.0,0.0
penyelamatan,0.0,1.0
penyelesaian,0.0,1.0
penyelewengan,1.0,0.0
penyelidikan,0.5,0.0
penyelundup,1.0,0.0
penyelundupan,1.0,0.0
penyembunyian,1.0,0.0
penyemburan,1.0,0.0
penyerang,1.0,0.0
penyerbu,1.0,0.0
penyergapan,1.0,0.0
penyesalan,1.0,0.0
penyewa,0.0,0.25
penyewaan,0.0,1.0
penyiasat,0.0,1.0
penyihir,0.5,0.0
penyimpanan,0.0,0.3333333333333333
penyimpangan,1.0,0.0
penyitaan,1.0,0.0
penyok,1.0,0.0
penyuapan,1.0,0.0
penyumbang,0.0,0.5
penyumbatan,1.0,0.0
penyunatan,0.0,1.0
peracunan,1.0,0.0
perada,0.0,1.0
peradaban,0.0,1.0
peradangan,1.0,0.0
peradilan,0.0,1.0
perakitan,0.0,1.0
peramal,0.0,0.6666666666666666
perampasan,1.0,0.0
perampok,1.0,0.0
perampokan,1.0,0.0
perancah,0.5,0.0
perancang,0.0,1.0
perang,1.0,0.0
perang salib,1.0,0.0
perangkap,0.5,0.0
perangsangan,0.0,1.0
perapian,0.0,0.3333333333333333
peraturan,0.3333333333333333,0.0
perawakan,0.0,0.5
perawan,0.0,1.0
perawan tua,1.0,0.0
perawat,0.0,1.0
perayaan,0.0,1.0
perbaikan,0.2,0.8
perbedaan,0.125,0.125
perbedaan pendapat,0.5,0.0
perbuatan zina,1.0,0.0
perbudakan,1.0,0.0
perburuan,1.0,0.0
percakapan,0.0,0.5
percaya,0.0,0.5
percaya diri,0.0,1.0
perceraian,1.0,0.0
percintaan,0.0,1.0
perdamaian,0.0,1.0
perdebatan,0.0,0.5
peredam,1.0,0.0
perekam,0.0,1.0
perempuan,1.0,0.0
perencanaan,0.0,1.0
pergolakan,1.0,0.0
pergumulan,0.5,0.0
perhatian,0.0,1.0
perhiasan,0.0,0.25
periang,0.0,1.0
peringatan,0.2,0.2
peringkat,1.0,0.0
perintah,0.3333333333333333,0.0
perjalanan,0.0,0.5
perjamuan,0.0,1.0
perjanjian,0.3333333333333333,0.3333333333333333
perkawinan,0.0,1.0
perkelahian,1.0,0.0
perlawanan,1.0,0.0
perlindungan,0.0,0.3333333333333333
permata,0.0,0.5
permen,0.0,1.0
permintaan maaf,0.0,1.0
permohonan,0.25,0.25
permusuhan,1.0,0.0
pernikahan,0.0,1.0
perokok,1.0,0.0
perombakan,0.0,1.0
perpecahan,1.0,0.0
persahabatan,0.0,0.6666666666666666
persaingan,1.0,0.0
persamaan,0.0,0.5
persatuan,0.0,1.0
persaudaraan,0.0,0.6666666666666666
persaudaraan wanita,0.0,1.0
persediaan,0.0,0.3333333333333333
perselisihan,1.0,0.0
persemakmuran,0.0,1.0
persenjataan,0.5,0.0
persetujuan,0.0,0.6666666666666666
pertahanan,0.0,1.0
pertanda,1.0,0.0
pertandingan,1.0,0.0
pertanggungjawaban,0.0,1.0
pertanian,0.0,0.3333333333333333
pertanyaan,0.0,0.6666666666666666
pertarungan,1.0,0.0
pertempuran,1.0,0.0
pertempuran kecil,1.0,0.0
pertengkaran,0.8333333333333334,0.0
pertentangan,1.0,0.0
pertikaian,1.0,0.0
pertimbangan kembali,0.0,1.0
pertumbuhan,0.0,1.0
pertumpahan darah,1.0,0.0
pertusis,1.0,0.0
perubahan,0.3333333333333333,0.0
perubahan warna,1.0,0.0
perunding,0.0,1.0
perusahaan,0.0,0.25
perusahaan monopoli,1.0,0.0
perusak,1.0,0.0
perut kembung,1.0,0.0
perwalian,0.0,1.0
perwira,0.0,1.0
pesenam,0.0,1.0
pesimis,1.0,0.0
pesimisme,1.0,0.0
pesisir,0.0,0.3333333333333333
pesolek,0.3333333333333333,0.0
pesona,0.0,0.6666666666666666
pesta,0.0,1.0
peternakan,0.0,0.5
peti mati,1.0,0.0
petualang,0.0,0.5
petualangan,0.0,1.0
petugas,0.0,1.0
petunjuk,0.0,0.25
phoenix,0.0,1.0
piala,0.0,0.5
pidana,1.0,0.0
pidato,0.0,0.6666666666666666
pijat,0.0,1.0
piket,1.0,0.0
piknik,0.0,1.0
pikun,1.0,0.0
pil,0.0,1.0
pilih kasih,0.0,1.0
pilihan,0.0,0.5
pilot,0.0,0.3333333333333333
pingsan,1.0,0.0
pinus,1.0,0.0
pisau bedah,1.0,0.0
pistol,1.0,0.0
pita,0.0,0.3333333333333333
plagiat,1.0,0.0
pleno,0.0,1.0
pohon,0.0,1.0
pohon salam,0.0,1.0
polemik,1.0,0.0
poligami,1.0,0.0
polio,1.0,0.0
polisi,0.0,0.25
politik,0.0,0.5
polos,0.0,0.6666666666666666
polusi,1.0,0.0
pondok,0.0,0.25
pop,1.0,0.0
popok,0.5,0.0
popularitas,0.0,1.0
populasi,0.0,1.0
porno,1.0,0.0
pornografi,1.0,0.0
poros,0.0,0.5
portabel,0.0,1.0
pose,1.0,0.0
potensi,0.0,0.5
potongan harga,0.0,1.0
pound,1.0,0.0
praktek,0.0,0.5
prasangka,1.0,0.0
prasmanan,1.0,0.0
prem,0.0,1.0
presisi,0.0,1.0
prestasi,0.0,1.0
prestise,0.0,1.0
pria,0.3333333333333333,0.3333333333333333
primer,0.0,1.0
produksi,0.0,1.0
produktif,0.0,0.6666666666666666
produktifitas,0.0,1.0
produsen,0.0,1.0
profesi,0.0,1.0
profesional,0.0,1.0
profesor,0.0,1.0
progresif,0.0,1.0
promosi,0.0,1.0
promosi sensasional,1.0,0.0
propaganda,1.0,0.0
prosedur,0.0,1.0
proses pengadilan,1.0,0.0
prosesi,0.0,1.0
prospek,0.0,1.0
provokasi,1.0,0.0
psikosis,1.0,0.0
pualam,0.0,1.0
puas,0.0,1.0
puasa,1.0,0.0
publik,0.0,1.0
puing,1.0,0.0
pujian,0.0,1.0
pukulan,1.0,0.0
punah,1.0,0.0
puncak,0.0,0.25
pupuk,1.0,0.0
pusing,1.0,0.0
putihnya,0.0,1.0
putri,0.0,1.0
putus,1.0,0.0
putus asa,1.0,0.0
rabies,1.0,0.0
racun,1.0,0.0
radang dingin,1.0,0.0
radang paru-paru,1.0,0.0
radang usus buntu,1.0,0.0
radiasi,1.0,0.0
radio,0.0,1.0
radioaktif,1.0,0.0
radon,1.0,0.0
ragu,1.0,0.0
rahasia,0.3333333333333333,0.0
rahim,0.0,1.0
rahmat,0.0,1.0
raja,0.0,0.25
rak,0.5,0.0
raket,1.0,0.0
raksasa,0.3333333333333333,0.16666666666666666
raksasa binatang,1.0,0.0
rakyat jelata,1.0,0.0
ralat,1.0,0.0
ram,1.0,0.0
ramah,0.0,1.0
ramah tamah,0.0,1.0
ramping,0.0,1.0
rampok,1.0,0.0
rapi,0.0,0.75
rasa gelisah,1.0,0.0
rasa hormat,0.0,1.0
rasa ingin tahu,0.0,1.0
rasa malu,1.0,0.0
rasa manis,0.0,1.0
rasa sakit,1.0,0.0
rasa syukur,0.0,1.0
rasa takut,1.0,0.0
rasa tidak enak,1.0,0.0
rasional,0.0,1.0
rasul,0.0,1.0
rawa,0.5,0.0
rayap,1.0,0.0
reaksioner,1.0,0.0
redaman,1.0,0.0
reformasi,0.0,1.0
regresi,1.0,0.0
regresif,1.0,1.0
rehabilitasi,0.0,1.0
rekan,0.0,0.5
reklamasi,0.0,1.0
rekonsiliasi,0.0,1.0
rekonstruksi,0.0,1.0
rekreasi,0.0,1.0
rel,1.0,0.0
rela,0.0,1.0
relaksasi,0.0,1.0
relevan,0.0,1.0
remaja,0.6666666666666666,0.3333333333333333
remang,1.0,0.0
renda,1.0,1.0
rendah,1.0,0.0
rendah budi,1.0,0.0
rendah diri,1.0,0.0
rendah hati,0.3333333333333333,0.6666666666666666
renovasi,0.0,1.0
rentan,0.6666666666666666,0.0
reporter,0.0,1.0
represi,1.0,0.0
reproduksi,0.0,0.5
republik,0.5,0.0
resah,0.5,0.0
resesi,1.0,0.0
resistif,0.0,1.0
resmi,0.0,0.3333333333333333
responsif,0.0,1.0
restitusi,0.0,1.0
restoratif,0.0,1.0
retak,1.0,0.0
retakan,1.0,0.0
retribusi,1.0,0.0
reumatik,1.0,0.0
reuni,0.0,1.0
revolusi,1.0,1.0
revolusioner,0.0,1.0
rewel,1.0,0.0
reyot,1.0,0.0
riam,0.0,1.0
riang,0.0,1.0
riasan,1.0,0.0
riba,1.0,0.0
ribut,0.5,0.0
rindu,1.0,0.0
ringkas,0.0,0.5
rintangan,1.0,0.0
rintik,0.5,0.0
riuh,1.0,1.0
roadster,0.0,1.0
robek,1.0,0.0
roh,0.0,1.0
rokok,1.0,0.0
romantis,0.0,1.0
romantisme,0.0,1.0
rongseng,1.0,0.0
roti,0.5,0.0
roti panggang,0.0,1.0
royalti,0.0,1.0
ruam,1.0,0.0
ruang bawah tanah,0.5,0.0
ruang santai,1.0,0.0
rubah betina,1.0,0.0
rubrik,0.0,1.0
rumah bermain,0.0,1.0
rumah jagal,1.0,0.0
rumah petak,1.0,0.0
rumah tangga,0.0,1.0
rumit,0.75,0.0
rumpun,1.0,0.0
rumput liar,1.0,0.0
rumus,0.0,1.0
runtuh,1.0,0.0
rupawan,0.0,1.0
rusak,1.0,0.0
rusuh,1.0,0.0
ruth,0.0,1.0
rutin,0.0,1.0
sabotase,1.0,0.0
sabuk,1.0,0.0
sadar,0.0,1.0
sah,0.0,0.6666666666666666
saham,1.0,0.0
sakit,1.0,0.0
sakit gigi,1.0,0.0
sakit hati,1.0,0.0
sakit kepala,1.0,0.0
sakit perut,1.0,0.0
sakit saraf,1.0,0.0
sakitan,1.0,0.0
salah,1.0,0.0
salah menaruhkan,1.0,0.0
salah mengartikan,1.0,0.0
salah paham,1.0,0.0
salah saji,1.0,0.0
salah tafsir,1.0,0.0
salah tempat,1.0,0.0
salah urus,1.0,0.0
salam,0.0,1.0
saleh,0.0,1.0
salinan,0.5,0.0
saling,0.0,0.5
salju longsor,1.0,0.0
saluran pembuangan,1.0,0.0
salut,0.0,1.0
sama,0.0,0.3333333333333333
sama sekali,0.0,0.25
samaran,0.6666666666666666,0.0
sambilan,1.0,0.0
sambutan hangat,1.0,1.0
sampah,1.0,0.0
sampai sekarang,0.5,0.0
sampar,1.0,0.0
samurai,0.0,1.0
sandera,1.0,0.0
sandiwara,0.5,0.0
sandiwara sensasi,1.0,0.0
sangat,0.2222222222222222,0.2222222222222222
sangat berharga,0.0,1.0
sangat gembira,0.0,1.0
sangat indah,0.0,1.0
sangat kuat,1.0,0.0
sangat lapar,1.0,0.0
sangat luas,0.0,1.0
sangat marah,1.0,0.0
sangat rapi,0.0,1.0
sanitasi,0.0,1.0
santai,0.0,0.25
santo,0.0,1.0
santun,0.0,1.0
saraf,0.0,1.0
sarang,0.25,0.0
sarang lebah,0.5,0.0
sarapan,0.0,1.0
sarat,1.0,0.0
sarjana,0.0,0.3333333333333333
sarjana muda,0.0,1.0
sarkasme,1.0,0.0
sarkoma,1.0,0.0
sarung tangan bulu,1.0,0.0
satin,0.0,1.0
satu warna,1.0,0.0
saudara,0.0,0.5
saudara laki-laki,0.0,1.0
sayang,0.0,1.0
sayap,0.5,0.0
scrapie,1.0,0.0
sebaiknya,0.0,1.0
sebelum waktunya,0.5,0.0
sebelumnya,0.0,0.25
sebenarnya,0.0,0.5
sebentar lagi,1.0,0.0
secara harmonis,0.0,1.0
secara kolektif,0.0,1.0
secara mencolok,0.0,1.0
secara mengejutkan,0.0,1.0
secara menyedihkan,1.0,0.0
secara paksa,1.0,0.0
secara pantas,0.0,1.0
sedang,0.0,0.25
sedang belajar,0.0,1.0
sederhana,0.2,0.4
sedih,0.5714285714285714,0.0
sedikit,0.0,0.25
segan,1.0,0.0
segel,0.0,0.5
segelintir,1.0,0.0
segera,0.0,0.2
sehat,0.0,0.75
seimbang,0.0,1.0
sekam,0.5,0.0
sekarat,1.0,0.0
sekering,0.0,1.0
sekresi,1.0,0.0
sekretariat,0.0,1.0
seks,0.0,0.5
sektarian,1.0,0.0
sekuestrasi,1.0,0.0
sekutu,0.0,1.0
sela,0.0,1.0
selai,0.0,1.0
selalu,0.0,0.5
selang,0.3333333333333333,0.0
selat,0.5,0.0
selebaran,0.5,0.0
selebriti,1.0,1.0
selikuran,1.0,0.0
selingan,0.0,1.0
selip,1.0,0.0
semangat,0.0,1.0
sembelit,1.0,0.0
sembrono,1.0,0.0
sembuh,0.0,0.6666666666666666
sembunyi,1.0,0.0
sementara,0.16666666666666666,0.0
sempit,0.5,0.0
sempurna,0.0,1.0
senang,0.0,1.0
senang sekali,0.0,1.0
senapan,0.3333333333333333,0.0
sendiri,0.0,1.0
sengit,1.0,0.0
seni,0.0,1.0
senioritas,0.0,1.0
senjata,0.5,0.0
senjata api,1.0,0.0
sensasi,0.0,0.5
sensasional,0.0,1.0
sensor,1.0,0.0
sensual,0.5,1.0
sensualitas,0.0,1.0
sentimentil,0.0,1.0
senyum,0.0,1.0
seolah-olah,1.0,0.0
sepa,1.0,0.0
sepak bola,0.0,0.5
sepakat,0.0,1.0
separatis,1.0,0.0
sepatu kasual,1.0,0.0
sepatutnya,0.0,1.0
sepenuh hati,0.0,1.0
sepenuhnya,0.0,0.3333333333333333
seperti bangsawan,0.0,1.0
seperti beludru,0.0,1.0
seperti budak,1.0,0.0
seperti malaikat,0.0,1.0
sepi,1.0,0.0
sepintas lalu,1.0,0.0
sepsis,1.0,0.0
septik,1.0,0.0
seragam,0.0,0.5
serak,0.5,0.0
seram,1.0,0.0
serangan,0.75,0.0
serangan mendadak,1.0,0.0
serangga,0.5,0.0
serat,0.5,0.0
serba salah,1.0,0.0
serempak,0.0,1.0
serikat,0.0,0.5
seringai,1.0,0.0
serpihan,0.5,0.0
seru,0.0,1.0
serum,0.0,1.0
sesama,0.0,1.0
sesat,0.8333333333333334,0.0
sesepuh,0.0,1.0
sesuai,0.0,0.7142857142857143
sesungguhnya,0.0,1.0
setan,1.0,0.0
setengah jalan,1.0,0.0
setia,0.0,1.0
setuju,0.0,0.75
shanghai,1.0,0.0
sia-sia,1.0,0.0
sial,1.0,0.0
sianida,1.0,0.0
siap,0.0,0.5
sifat lekas marah,1.0,0.0
sifat takut-takut,1.0,0.0
sihir,0.6666666666666666,0.0
siksaan,1.0,0.0
silau,1.0,0.0
silsilah,0.0,0.5
simbolis,0.0,1.0
simetri,0.0,1.0
simetris,0.0,0.5
simfoni,0.0,1.0
simpati,0.0,1.0
simpatik,0.0,1.0
sinergis,0.0,1.0
singa,0.0,1.0
sinis,0.5,0.0
sinkop,1.0,0.0
sinode,0.0,1.0
sinonim,1.0,1.0
sipil,0.0,0.3333333333333333
sipir,1.0,0.0
siput,0.5,0.0
sirene,1.0,0.0
sisa rasa,1.0,0.0
sisa-sisa,1.0,0.0
sitomegalovirus,1.0,0.0
skandal,1.0,0.0
skema,0.3333333333333333,0.0
skeptis,0.3333333333333333,0.0
skizofrenia,1.0,0.0
skor,0.0,0.5
sobat,0.0,1.0
solvabilitas,0.0,1.0
somatik,1.0,0.0
sombong,1.0,0.0
sonar,0.0,1.0
sonata,0.0,1.0
sonet,0.0,1.0
sopan,0.0,1.0
sosial,0.0,0.5
sosialis,1.0,0.0
spa,0.0,1.0
spaniel,0.0,1.0
spektral,1.0,0.0
spekulasi,1.0,0.0
spesial,0.0,1.0
spesies,0.0,1.0
spionase,1.0,0.0
spons,1.0,0.0
sponsor,0.0,1.0
sprite,1.0,0.0
stabil,0.0,0.5
staccato,0.0,1.0
status,0.0,1.0
stereotip,1.0,0.0
steril,1.0,0.0
sterling,1.0,1.0
stigma,1.0,0.0
strategis,0.0,1.0
struktur,0.0,1.0
suaka,0.5,0.5
suami yg istrinya tdk setia,1.0,0.0
suara,0.0,0.3333333333333333
subjek,1.0,0.0
sublimasi,0.0,1.0
subsidi,1.0,0.0
substantif,0.0,1.0
subur,0.25,0.5
subversi,1.0,0.0
subversif,1.0,0.0
suci,0.0,0.6666666666666666
suka beperkara,1.0,0.0
suka berteman,0.0,1.0
suka damai,0.0,1.0
sukacita,0.0,1.0
sukar dipahami,1.0,0.0
sukarelawan,0.0,0.5
sulap,1.0,0.0
sulit,0.5,0.0
sulit dipercaya,1.0,0.0
sulung,0.0,1.0
sumbang,1.0,0.0
sumbangan,0.0,1.0
sumber daya,0.0,1.0
sumber hidup,0.0,1.0
sumber keuntungan,0.0,1.0
sumpah,0.0,0.75
sumpah palsu,1.0,0.0
sumsum,0.0,1.0
sungguh,0.0,1.0
sungguh-sungguh,0.0,1.0
sup krim,0.0,1.0
superstar,0.0,1.0
supremasi,1.0,1.0
suram,1.0,0.0
surat kabar,0.0,1.0
surga,0.0,1.0
surgawi,0.0,1.0
suri teladan,0.0,1.0
surutnya,1.0,0.0
survei,0.0,0.5
sutra,0.0,1.0
syaitan,1.0,0.0
taat,0.0,1.0
tabah,0.0,1.0
tabrakan,1.0,0.0
tabu,1.0,0.0
tabungan,0.0,1.0
tahan,0.5,0.5
tahan air,0.0,1.0
tahan api,0.0,1.0
tahan cuaca,0.0,1.0
tahan karat,0.0,1.0
tahan lama,0.0,1.0
tahan panas,1.0,0.0
tahanan,1.0,0.0
tajam,0.5,0.5
tak ada taranya,0.0,1.0
tak berarti,1.0,0.0
tak berbalas,1.0,0.0
tak bercacat,0.0,1.0
tak berdasar,0.5,0.0
tak berdaya,1.0,0.0
tak berguna,1.0,0.0
tak berjiwa,1.0,0.0
tak berkesudahan,1.0,1.0
tak bermutu,1.0,0.0
tak bernyawa,1.0,0.0
tak berperabot,1.0,0.0
tak bertuhan,1.0,0.0
tak berujung,0.5,0.5
tak henti-hentinya,0.3333333333333333,0.0
tak kenal ampun,1.0,0.0
tak kenal takut,0.0,1.0
tak layak,1.0,0.0
tak menentu,1.0,0.0
tak sedap dipandang,1.0,0.0
tak tahu malu,1.0,0.0
tak tentu,1.0,0.0
tak terbantahkan,0.0,0.5
tak terbatas,0.0,0.4
tak terbayangkan,1.0,1.0
tak terdengar,1.0,0.0
tak terduga,0.3333333333333333,0.0
tak tergoyahkan,1.0,1.0
tak terhapuskan,0.0,1.0
tak terhindarkan,1.0,0.0
tak terhitung,0.5,0.0
tak terjangkau,1.0,0.0
tak terkalahkan,0.5,0.5
tak terkatakan,1.0,0.0
tak terkekang,1.0,1.0
tak terkendali,1.0,0.0
tak terlatih,1.0,0.0
tak terlindung,1.0,0.0
tak terlukiskan,0.0,0.5
tak terpikirkan,1.0,0.0
tak terpisahkan,0.0,0.5
tak terputus,0.0,1.0
tak tersembuhkan,1.0,0.0
tak tertahankan,0.6666666666666666,0.0
tak tertandingi,0.0,1.0
takdir,0.5,0.0
takhta,0.0,1.0
takhyul,1.0,1.0
taksi,0.0,0.5
takut,1.0,0.0
tamak,1.0,0.0
tambahan,0.0,0.2
tambalan,1.0,0.0
tamparan,0.6666666666666666,0.0
tanah,0.25,0.25
tanah longsor,1.0,0.0
tanda Nazi,1.0,0.0
tanda buruk,1.0,0.0
tandus,1.0,0.0
tangan kedua,1.0,0.0
tanggal kematian,1.0,0.0
tangguh,0.0,1.0
tanggung jawab,0.5,0.0
tangkai,0.5,0.0
tanpa belas kasihan,1.0,0.0
tanpa berpikir,1.0,0.0
tanpa berwasiat,1.0,0.0
tanpa cedera,0.0,1.0
tanpa dasar,1.0,0.0
tanpa disadari,0.3333333333333333,0.0
tanpa harapan,1.0,0.0
tanpa judul,1.0,0.0
tanpa nama,1.0,0.0
tanpa pertumpahan darah,0.0,1.0
tanpa tanda jasa,1.0,0.0
tanpa tubuh,1.0,0.0
tanpa tujuan,1.0,0.0
tantangan,1.0,0.0
tante,0.0,1.0
tarif,0.5,0.0
tata krama,0.0,0.5
tawa,0.0,1.0
tawanan,1.0,0.0
tawar-menawar,0.0,0.5
tdk puas,1.0,0.0
tebusan,1.0,0.0
teduh,1.0,0.0
tegak lurus,0.0,0.5
tegang,0.3333333333333333,0.0
tegar,1.0,0.0
teguh,0.0,0.5
teguran,0.5,0.0
tekanan,0.5,0.0
teknologi,0.0,1.0
tekun,0.0,1.0
teladan,0.0,1.0
telanjang,0.3333333333333333,0.0
teliti,0.0,0.25
teluk kecil,0.0,1.0
teman,0.0,1.0
tembakan,0.5,0.0
tembakau,0.5,0.0
tembel,1.0,0.0
tempa,0.5,0.0
tempat,0.0,0.5
tempat berlindung,0.0,0.5
tempat bermain,0.0,1.0
tempat lahir,1.0,0.0
tempat tidur,0.0,0.3333333333333333
tempur,1.0,0.0
tenaga kerja,0.0,1.0
tenang,0.14285714285714285,0.7142857142857143
tendangan,1.0,0.0
tengah,0.0,0.25
tenggelam,0.5,0.0
tengik,1.0,0.0
tentara,0.0,0.5
teokratis,1.0,0.0
teoretis,0.0,1.0
tepat,0.0,1.0
tepat waktu,0.0,0.6666666666666666
tepuk,0.0,1.0
tepuk tangan,0.5,0.5
terak,1.0,0.0
terakreditasi,0.0,1.0
teramat,0.0,0.5
terampil,0.0,0.5
terancam bahaya,1.0,0.0
terapeutik,0.0,1.0
terapi,0.0,1.0
terasing,0.6666666666666666,0.0
terbaca,0.0,1.0
terbatas,0.4,0.0
terberat,1.0,0.0
terbukti benar,0.0,1.0
tercela,1.0,0.0
tercengang,1.0,0.0
terdampar,1.0,0.0
terdemoralisasi,1.0,0.0
terdepresiasi,1.0,0.0
terdistorsi,1.0,0.0
terendah,1.0,0.0
terengah-engah,1.0,0.0
terganggu,1.0,0.0
tergelincir,1.0,0.0
tergenang,1.0,0.0
terhenti,1.0,0.0
terhibur,0.0,1.0
terhormat,0.0,1.0
teriakan,0.6666666666666666,0.0
terik,0.6666666666666666,0.0
terinspirasi,0.0,1.0
terjamin,0.0,1.0
terjerat,1.0,0.0
terjun,1.0,0.0
terkejut,0.5,0.0
terkemuka,0.0,0.6666666666666666
terkena,0.5,0.0
terkenal,0.0,0.8571428571428571
terkenal jahat,1.0,0.0
terkilir,1.0,0.0
terkontaminasi,1.0,0.0
terkubur,1.0,0.0
terkulai,1.0,0.0
terkunci,1.0,0.0
terkutuk,1.0,0.0
terlalu mahal,1.0,0.0
terlambat,1.0,0.0
terlibat,0.5,0.0
terluka,1.0,0.0
terlupakan,1.0,0.0
termasuk,0.0,1.0
termasuk keluarga sapi,1.0,0.0
terminal,1.0,0.0
ternoda,1.0,0.0
terompet,0.5,0.0
teror,1.0,0.0
terorganisir,0.0,1.0
teroris,1.0,0.0
terorisme,1.0,0.0
terpaut,1.0,0.0
terpecah,1.0,0.0
terpelajar,0.0,0.5
terpencil,0.6,0.0
terpendam,1.0,0.0
terpenting,0.0,1.0
terperanjat,1.0,0.0
terpercaya,0.0,1.0
terpesona,0.25,0.5
terpilih,0.0,1.0
terpuji,0.0,1.0
terputus,1.0,0.0
tersakiti,1.0,0.0
tersandung,1.0,0.0
tersebar luas,0.0,1.0
tersedak,1.0,0.0
tersembunyi,0.75,0.0
tersendiri,0.5,0.0
tersentuh,1.0,0.0
tersenyum,0.0,1.0
terserap,0.0,1.0
tersinggung,1.0,0.0
tersusun,0.0,1.0
tertahan,1.0,0.0
tertarik,0.0,1.0
tertawa,0.0,1.0
tertawa kecil,0.0,1.0
tertekan,1.0,0.0
tertib,0.0,1.0
tertinggal,1.0,0.0
tertinggi,0.0,1.0
terus mata,0.0,1.0
tetangga,0.0,1.0
tetanus,1.0,0.0
tetap,0.5,0.5
tewas,1.0,0.0
theisme,1.0,0.0
tiang gantungan,1.0,0.0
tidak adil,1.0,0.0
tidak aktif,0.5,0.0
tidak akurat,1.0,0.0
tidak aman,1.0,0.0
tidak bahagia,1.0,0.0
tidak benar,1.0,0.0
tidak beralasan,1.0,0.0
tidak berbahaya,0.0,1.0
tidak berbentuk,1.0,0.0
tidak berbuah,1.0,0.0
tidak berdaya,1.0,0.0
tidak berguna,1.0,0.0
tidak berkelanjutan,1.0,0.0
tidak berkembang,1.0,0.0
tidak berlisensi,1.0,0.0
tidak berpendidikan,1.0,0.0
tidak berpengalaman,1.0,0.0
tidak berperasaan,1.0,0.0
tidak bertanggung jawab,1.0,0.0
tidak bias,0.0,1.0
tidak bijaksana,1.0,0.0
tidak bisa diandalkan,1.0,0.0
tidak bisa dihancurkan,0.0,1.0
tidak bisa dijelaskan,1.0,0.0
tidak bisa dilewati,1.0,0.0
tidak bisa dimaafkan,1.0,0.0
tidak bisa dimengerti,1.0,0.0
tidak bisa dipecahkan,0.0,1.0
tidak bisa dipertahankan,1.0,0.0
tidak cocok,0.5,0.0
tidak cukup,1.0,0.0
tidak dapat,1.0,0.0
tidak dapat diakses,1.0,0.0
tidak dapat diatasi,1.0,0.0
tidak dapat dibatalkan,1.0,0.0
tidak dapat dibenarkan,1.0,0.0
tidak dapat dicabut,0.0,1.0
tidak dapat didamaikan,1.0,0.0
tidak dapat dijelaskan,1.0,0.0
tidak dapat dimengerti,1.0,0.0
tidak dapat diperbaiki,1.0,0.0
tidak dapat dipercaya,1.0,0.0
tidak dapat dipertahankan,1.0,0.0
tidak dapat direduksi,0.0,1.0
tidak dapat diterapkan,1.0,0.0
tidak dapat diterima,1.0,0.0
tidak dapat diubah,1.0,0.0
tidak dibatasi,0.0,1.0
tidak didukung,1.0,0.0
tidak digunakan,1.0,0.0
tidak diinginkan,1.0,0.0
tidak diizinkan,1.0,0.0
tidak dikenal,1.0,0.0
tidak diragukan lagi,0.0,0.6666666666666666
tidak disengaja,0.5,0.0
tidak disetujui,1.0,0.0
tidak disukai,1.0,0.0
tidak diterbitkan,1.0,0.0
tidak efektif,1.0,0.0
tidak efisien,1.0,0.0
tidak egois,0.0,1.0
tidak hormat,1.0,0.0
tidak jelas,1.0,0.0
tidak jujur,1.0,0.0
tidak kompatibel,1.0,0.0
tidak kompeten,1.0,0.0
tidak logis,1.0,0.0
tidak manusiawi,1.0,0.0
tidak masuk akal,1.0,0.0
tidak memadai,1.0,0.0
tidak mematuhi,1.0,0.0
tidak memihak,0.5,0.5
tidak memuaskan,1.0,0.0
tidak menguntungkan,1.0,0.0
tidak menyenangkan,0.75,0.0
tidak merata,1.0,0.0
tidak nyaman,1.0,0.0
tidak pantas,1.0,0.0
tidak pasti,1.0,0.0
tidak patuh,1.0,0.0
tidak peduli,0.5,0.0
tidak pengertian,1.0,0.0
tidak penting,0.75,0.0
tidak percaya,1.0,0.0
tidak perlu dipertanyakan lagi,0.0,1.0
tidak populer,1.0,0.0
tidak praktis,1.0,0.0
tidak produktif,1.0,0.0
tidak puas,0.5,0.0
tidak ramah,1.0,0.0
tidak relevan,1.0,0.0
tidak resmi,0.5,0.0
tidak sabar,1.0,0.0
tidak sadar,1.0,0.0
tidak sah,0.5,0.0
tidak sehat,1.0,0.0
tidak sempurna,1.0,0.0
tidak senang,1.0,0.0
tidak sengaja,0.5,0.0
tidak senonoh,1.0,0.0
tidak sesuai,1.0,0.0
tidak setara,1.0,0.0
tidak setia,1.0,0.0
tidak setuju,1.0,0.0
tidak siap,1.0,0.0
tidak simpati,1.0,0.0
tidak sopan,1.0,0.0
tidak stabil,1.0,0.0
tidak tahu,1.0,0.0
tidak tahu berterima kasih,1.0,0.0
tidak teratur,0.5,0.0
tidak terbaca,1.0,0.0
tidak terduga,1.0,1.0
tidak terikat,0.5,0.0
tidak terinfeksi,0.0,1.0
tidak terinspirasi,1.0,0.0
tidak terkendali,1.0,0.0
tidak terkesan,1.0,0.0
tidak termasuk,1.0,0.0
tidak terpengaruh,1.0,0.0
tidak terpenuhi,1.0,0.0
tidak tertarik,1.0,0.0
tidak wajar,1.0,0.0
tidur sebentar,0.0,0.5
tikus,1.0,0.0
tindakan,0.0,0.5
tindakan merugikan,1.0,0.0
tindakan yg bodoh,1.0,0.0
tinggal,0.125,0.0
tinggi,0.0,0.16666666666666666
tingkat,0.0,0.5
tinja,0.5,0.0
tinjauan ke masa depan,0.0,1.0
tipu,1.0,0.5
tipu daya,1.0,0.0
tipu muslihat,1.0,0.0
tipuan,1.0,0.0
tiran,1.0,0.0
tiupan,0.5,0.0
toilet,1.0,0.0
toko,0.0,0.3333333333333333
toko buku,0.0,0.5
toksin,1.0,0.0
toleran,0.0,1.0
toleransi,0.0,0.5
tolol,1.0,0.0
tombak,0.3333333333333333,0.0
tongkat,0.3333333333333333,0.3333333333333333
tontonan,1.0,1.0
topan,1.0,0.0
topangan,1.0,0.0
torpedo,1.0,0.0
tradisional,0.0,1.0
tragedi,1.0,0.0
tragis,1.0,0.0
transendensi,0.0,1.0
traumatis,1.0,0.0
trigonometri,0.0,0.5
troll,1.0,0.0
tua,0.3333333333333333,0.3333333333333333
tuduhan,1.0,0.0
tugas,0.3333333333333333,0.6666666666666666
tujuan,0.0,0.3333333333333333
tukang,0.0,0.6666666666666666
tukang daging,1.0,0.0
tukang panir,0.0,1.0
tukang sortir,0.0,1.0
tulang belakang,0.3333333333333333,0.3333333333333333
tulang punggung,0.0,1.0
tulus,0.0,1.0
tumbuh,0.0,0.5
tumit,0.5,0.0
tumor,1.0,0.0
tumpukan,0.25,0.0
tumpul,0.5,0.0
tunawisma,1.0,0.0
tungau,1.0,0.0
tunggakan,1.0,0.0
tunggu,1.0,0.0
tuntutan,0.5,0.0
tusukan,0.3333333333333333,0.0
tutup,0.5,0.0
uang,0.25,0.5
uang tunai,0.0,1.0
ubin,0.0,0.3333333333333333
ucapan selamat,0.0,1.0
ucapan syukur,0.0,1.0
ulangan,1.0,0.0
ular,0.6666666666666666,0.0
ular berbisa,1.0,0.0
ular naga,1.0,0.0
ulet,0.0,1.0
ultimatum,1.0,0.0
umpan,0.5,0.0
umum,0.0,0.3333333333333333
umur panjang,0.0,1.0
undangan,0.0,1.0
unggul,0.0,1.0
unik,0.0,1.0
upacara,0.0,0.25
upah,0.0,1.0
upaya,0.0,1.0
upeti,0.0,1.0
usungan jenazah,1.0,0.0
utama,0.0,1.0
utang,0.5,0.0
utopis,0.0,1.0
utuh,0.0,1.0
vaksin,0.0,1.0
vampir,1.0,0.0
varisela,1.0,0.0
varises,1.0,0.0
vegetatif,1.0,0.0
verbositas,1.0,0.0
verifikasi,0.0,1.0
vertigo,1.0,0.0
veteran,0.0,1.0
vikaris,0.0,1.0
virus,1.0,0.0
virus herpes,1.0,0.0
visioner,0.0,1.0
vital,0.0,1.0
voodoo,1.0,0.0
vulgar,1.0,0.0
wabah,1.0,0.0
wajib,0.6666666666666666,0.0
wali,0.0,0.5
walikota,0.0,1.0
wanita cantik,0.0,1.0
warga negara,0.0,1.0
warisan,0.0,0.2
wartawan,0.3333333333333333,0.3333333333333333
wasir,1.0,0.0
wasit,0.0,0.25
waspada,0.0,0.75
wiski,1.0,0.0
wot,0.0,1.0
xenofobia,1.0,0.0
yang saling melengkapi,0.0,1.0
yg beralamat buruk,1.0,0.0
yg berhutang,1.0,0.0
yg diperlukan,1.0,0.0
yg ketinggalan jaman,1.0,0.0
yg menerangkan,0.0,1.0
yg mungkin berubah,0.0,1.0
yg tak ada bandingannya,0.0,1.0
yg tdk berlaku,1.0,0.0
zat,0.5,0.5
zat yang lengket dan kental,1.0,0.0
zina,1.0,0.0
zip,1.0,0.0
